CSVNum,StoryID,ChaName,TalkText,ChrL,ChrR,ChrM,TalkBG,Bgm,Etc,End
0,4101,,(퇴근길 지하철을 기다리는 콩게.)  ▼,Chr6_idle,Chr4_sad,Chr6_idle,1,1,상황설명,
1,4102,콩게,휴…오늘 본 면접도 떨어졌겠지..?  ▼,Chr6_idle,Chr4_sad,Chr6_idle,1,,,
2,4103,콩게,갑자기 그런 질문을 할 줄은 몰랐어..  ▼,Chr6_idle,Chr4_sad,Chr6_idle,1,,,
3,4104,콩게,오늘도 아무런 소득 없이 지나가는구나..  ▼,Chr6_idle,Chr4_sad,Chr6_idle,1,,,
4,4105,콩게,나도 얼른 취업해야 할텐데..  ▼,Chr6_idle,Chr4_sad,Chr6_idle,1,,,
5,4106,,(취업 사이트 어플을 켜고 채용 공고들을 둘러본다.)  ▼,Chr6_idle,Chr6_idle,Chr6_idle,1,,"상황설명, 잡코리아 등이 켜져 있는 폰 화면",
6,4107,콩게,회사가 이렇게나 많은데 왜 날 받아주는 곳이 없는걸까..?  ▼,Chr6_idle,Chr4_sad,Chr6_idle,1,,,
7,4108,콩게,이젠 채용공고를 보는 것도 지쳐…. ▼,Chr6_idle,Chr4_sad,Chr6_idle,1,,,
8,4109,콩게,그래. 유튜브나 보자. ▼,Chr6_idle,Chr4_idle,Chr6_idle,1,,,
9,4110,,(흘러나오는 '시크릿!! 매지컬★걸즈')  ▼,Chr6_idle,Chr6_idle,Chr6_idle,1,2,,
10,4111,홍수아,우리 모두 다들 열심히 노력하고 있잖아요..!,Chr6_idle,Chr1_happy,Chr6_idle,1,,,
11,4112,홍수아,노력하는 사람은 언제나 승리해요..!,Chr6_idle,Chr1_happy,Chr6_idle,1,,,
12,4113,홍수아,더 센 마물이 나타나더라도..! 우리가 승리할거예요!,Chr6_idle,Chr1_happy,Chr6_idle,1,,,
13,4114,콩게,노력하면..언제나 승리한다고..?  ▼,Chr6_idle,Chr4_idle,Chr6_idle,1,1,,
14,4115,콩게,저런 것도 다~ 만화니까 할 수 있는 소리야..  ▼,Chr6_idle,Chr4_idle,Chr6_idle,1,,,
15,4116,,(다음 동영상이 재생되고 있음에도 집중하지 못하는 콩게의 마음이 울렁인다.)  ▼,Chr6_idle,Chr6_idle,Chr6_idle,1,," 상황설명, '시크릿!! 매지컬★걸즈'말고 다른 화면",
16,4117,콩게,노력으로 되는 거였으면…이미 취업했겠지...  ▼,Chr6_idle,Chr4_idle,Chr6_idle,1,,,
17,4118,,(그렇게 생각하는 콩게의 눈이 촉촉하게 젖어 있다.)  ▼,Chr6_idle,Chr4_sad,Chr6_idle,1,,상황설명,
18,4119,,… ▼,Chr6_idle,Chr6_idle,Chr6_idle,5,0,,
19,4120,콩게,안녕하세요~ ▼,Chr6_idle,Chr6_idle,Chr4_idle,8,3,,
20,4121,사장님,"""어, 콩게 왔니~? 오늘부터 '시크릿!! 매지컬★걸즈' 콜라보인 거 알고 있지? ▼""",Chr5_idle,Chr6_idle,Chr6_idle,8,,,
21,4122,사장님,많이 바쁠테니까 각오하고!! 열심히 하자! ▼,Chr5_idle,Chr6_idle,Chr6_idle,8,,,
22,4123,콩게,넵!!! ▼,Chr6_idle,Chr6_idle,Chr4_idle,8,,,
23,4124,콩게,(맞아..오늘부터 콜라보라고 했지..?) ▼,Chr6_idle,Chr6_idle,Chr4_idle,8,,,
24,4125,콩게,(저 컵홀더 속 캐릭터는…그때 노력하면 승리한다던 캐릭터잖아…) ▼,Chr6_idle,Chr6_idle,Chr4_idle,8,,,
25,4126,콩게,(왜인지 열심히 하는 나를 응원하며 웃는 것 같아..) ▼,Chr6_idle,Chr6_idle,Chr4_idle,8,,,
26,4127,,… ▼,Chr6_idle,Chr6_idle,Chr6_idle,5,,,
27,4128,콩게,결국 나도 모르게 그 애가 그려진 컵홀더를 챙겼버렸어.. ▼,Chr6_idle,Chr6_idle,Chr4_idle,2,,,
28,4129,콩게,도대체 어떤 애니메이션인지만 살짝 볼까..? ▼,Chr6_idle,Chr6_idle,Chr4_idle,2,,,
29,4130,,(콩게가 검색창에 '시크릿!! 매지컬★걸즈'를 검색한다. ▼,Chr6_idle,Chr6_idle,Chr6_idle,2,,,
30,4131,,End ▼,Chr6_idle,Chr6_idle,Chr6_idle,2,,,1
31,4201,,( '시크릿!! 매지컬★걸즈'의 굿즈들로 소소하게 꾸며진 콩게의 방)  ▼,Chr6_idle,Chr6_idle,Chr6_idle,2,3,상황설명,
32,4202,콩게,"""그러고 보니, 방에 점점 '시크릿!! 매지컬★걸즈' 물건들이 많아지네.. ▼""",Chr6_idle,Chr6_idle,Chr6_idle,2,,,
33,4203,콩게,저건..지난 번 자몽 마켓 거래 때 만난 초등학생이 준 포토카드들..  ▼,Chr6_idle,Chr6_idle,Chr6_idle,2,,,
34,4204,초등학생 거래자,….아저씨. 어른들도 '시크릿!! 매지컬★걸즈'를 좋아해요…?  ▼,Chr6_idle,Chr5_idle,Chr6_idle,3,3,과거 회상,
35,4205,콩게,그리고 또 저건..지난 번 동창회 때 충동적으로 뽑은 키링..  ▼,Chr6_idle,Chr6_idle,Chr6_idle,3,,과거 회상,
36,4206,콩게,"""참, 지난 번에 영화관에서 받은 L자 홀더도 있지…  ▼""",Chr6_idle,Chr6_idle,Chr6_idle,4,,과거 회상,
37,4207,,(흩어진 '시크릿!! 매지컬★걸즈'의 굿즈들을 주섬주섬 정리해 책장에 진열하는 콩게)  ▼,Chr6_idle,Chr4_idle,Chr6_idle,2,,상황설명,
38,4208,,(휴대폰에서는 n번 째 정주행 중인 '시크릿!! 매지컬★걸즈'가 흘러나오고 있다.)  ▼,Chr6_idle,Chr6_idle,Chr6_idle,2,,상황설명,
39,4209,콩게,그냥 애니메이션과 극장판은 확실히 달랐어.  ▼,Chr6_idle,Chr4_idle,Chr6_idle,2,,"과거 회상, 영화를 관람하며 눈물을 흘리는 콩게의 모습",
40,4210,콩게,한 번 더 보러 갈까..? 이번 주는 다른 굿즈를 특전으로 준다고 했던 것 같은데..  ▼,Chr6_idle,Chr4_idle,Chr6_idle,2,,,
41,4211,,(SNS에서 관련 정보를 찾던 콩게가 새로 출시되는 아크릴스탠드의 예약폼과 마주친다.)  ▼,Chr6_idle,Chr6_idle,Chr6_idle,2,,상황설명,
42,4212,콩게,이건…......하나쯤 있으면 좋을 것 같은데…...  ▼,Chr6_idle,Chr4_idle,Chr6_idle,2,,,
43,4213,,(홀린 듯 구매하는 콩게.)  ▼,Chr6_idle,Chr6_idle,Chr6_idle,2,,상황설명,
44,4214,콩게,좋아. 이제 이력서를 다시 써볼까!   ▼,Chr6_idle,Chr4_happy,Chr6_idle,2,,,
45,4215,콩게,"""잠시만, 이 장패드도 좀 많이 낡은 것 같은데……새로 사야겠다. ▼"" ",Chr6_idle,Chr4_idle,Chr6_idle,2,,,
46,4216,콩게,이왕 사는 거 '시크릿!! 매지컬★걸즈'로 찾아봐야지…  ▼,Chr6_idle,Chr4_happy,Chr6_idle,2,,,
47,4217,,(또 다시 홀린 듯 구매하는 콩게. 결제 금액 알림 문자를 보고는 놀란다.)  ▼,Chr6_idle,Chr6_idle,Chr6_idle,2,,상황설명,
48,4218,콩게,이번 달에 지출을 너무 많이 해버렸어…어떡하지...  ▼,Chr6_idle,Chr4_sad,Chr6_idle,2,,,
49,4219,,(그때 콩게의 눈에 띈 '시크릿!! 매지컬★걸즈' 굿즈들.)  ▼,Chr6_idle,Chr6_idle,Chr6_idle,2,,상황설명,
50,4220,콩게,...그래! 커미션을 열면 되겠네..!  ▼,Chr6_idle,Chr4_happy,Chr6_idle,2,,,
51,4221,,(신이 난 콩게는 SNS에 바로 커미션 글을 작성하기 시작했다.)  ▼,Chr6_idle,Chr6_idle,Chr6_idle,2,,상황설명,
52,4222,,End ▼,Chr6_idle,Chr6_idle,Chr6_idle,2,,상황설명,1
53,4301,베니,"""어-이, 콩게쿤… ▼""",Chr5_idle,Chr6_idle,Chr6_idle,2,5,,
54,4302,콩게,"""여어, 왔나 베니쿤… ▼""",Chr6_idle,Chr6_idle,Chr1_idle,2,,,
55,4303,베니,이번에 '시크릿!! 매지컬★걸즈'와 콜라보 한다는 소식을 들었는데.. ▼,Chr5_idle,Chr6_idle,Chr6_idle,2,,,
56,4304,베니,멋지다는… ▼,Chr5_idle,Chr6_idle,Chr6_idle,2,,,
57,4305,콩게,훗….. ▼,Chr6_idle,Chr6_idle,Chr1_happy,2,,,
58,4306,콩게,별 건 아니야… ▼,Chr6_idle,Chr6_idle,Chr1_happy,2,,,
59,4307,콩게,그냥 '시크릿!! 매지컬★걸즈' 캐릭터들을 그린 공식 굿즈 제작 정도…랄까… ▼,Chr6_idle,Chr6_idle,Chr1_happy,2,,,
60,4308,콩게,그저..그녀들의 아름다움에 누가 되지 않길 바랄 뿐이야… ▼,Chr6_idle,Chr6_idle,Chr1_happy,2,,,
61,4309,베니,털썩..역시 멋지다는…(부러움의 표시) ▼,Chr5_idle,Chr6_idle,Chr6_idle,2,,,
62,4310,베니,스고이...콩게쿤..…. ▼,Chr5_idle,Chr6_idle,Chr6_idle,2,,,
63,4311,베니,"""참, 지난 번 합격한 회사는 어떻게 된거야..? ▼""",Chr5_idle,Chr6_idle,Chr6_idle,2,,,
64,4312,콩게,아아-…그것…......... ▼,Chr6_idle,Chr6_idle,Chr1_idle,2,,,
65,4313,콩게,선택하지 않았어… ▼,Chr6_idle,Chr6_idle,Chr1_idle,2,,,
66,4314,콩게,내가 그림을 놓쳤을 때처럼… ▼,Chr6_idle,Chr6_idle,Chr1_idle,2,,,
67,4315,콩게,이번에도 '시크릿!! 매지컬★걸즈'를 놓친다면 영영 행복하지 못하겠지… ▼,Chr6_idle,Chr6_idle,Chr1_idle,2,,,
68,4316,베니,콩게쿤….! 결국 그렇게 됐단 말인가…? ▼,Chr5_idle,Chr6_idle,Chr6_idle,2,,,
69,4317,콩게,그치만 지금의 나를 봐… ▼,Chr6_idle,Chr6_idle,Chr1_happy,2,,,
70,4318,콩게,나는 성공한 것이 아닌가..? ▼,Chr6_idle,Chr6_idle,Chr1_happy,2,,,
71,4319,콩게,나는..지금 행복하고… ▼,Chr6_idle,Chr6_idle,Chr1_happy,2,,,
72,4320,콩게,또 안정적인 생활을 하고 있다… ▼,Chr6_idle,Chr6_idle,Chr1_happy,2,,,
73,4321,콩게,금전적으로도 안정적인 생활을 하고 있지… ▼,Chr6_idle,Chr6_idle,Chr1_happy,2,,,
74,4322,콩게,오히려 회사에 다녔다면 얻지 못했을 명성과 기회까지 얻었다… ▼,Chr6_idle,Chr6_idle,Chr1_happy,2,,,
75,4323,콩게,회사에 묶여 사는 것보다 더 나은 삶을 선택한 거라고 생각해….... ▼,Chr6_idle,Chr6_idle,Chr1_happy,2,,,
76,4324,베니,콩게쿤은 잘 해낼 수 있을거야..…. ▼,Chr5_idle,Chr6_idle,Chr6_idle,2,,,
77,4325,콩게,미안하지만 대화는 여기까지 하자는.. ▼,Chr6_idle,Chr6_idle,Chr1_happy,2,,,
78,4326,콩게,곧 '시크릿!! 매지컬★걸즈'의 후속편이 공개될테니까.. ▼,Chr6_idle,Chr6_idle,Chr1_happy,2,,,
79,4327,콩게,공개되는 '시크릿!! 매지컬★걸즈' 후속편의 끝에 콩게라고 뜰거야. ▼,Chr6_idle,Chr6_idle,Chr1_happy,2,,,
80,4328,콩게,아마….나는 그 순간을 영원히 기억하겠지.. ▼,Chr6_idle,Chr6_idle,Chr1_happy,2,,,
81,4329,콩게,지금 이러고 있을 때가 아니야. ▼,Chr6_idle,Chr6_idle,Chr1_happy,2,,,
82,4330,콩게,"""후속편이 공개되기 전까지, 이전 편들을 모두 봐야하고 ▼""",Chr6_idle,Chr6_idle,Chr1_happy,2,,,
83,4331,콩게,더 멋진 그림을 그려서 그녀들을 널리 알려야 해. ▼,Chr6_idle,Chr6_idle,Chr1_happy,2,,,
84,4332,콩게,"""이봐, 베니쿤! ▼""",Chr6_idle,Chr6_idle,Chr1_happy,2,,,
85,4333,콩게,베니쿤도 무엇을 해야할 지 잘 모르겠다면.. ▼,Chr6_idle,Chr6_idle,Chr1_happy,2,,,
86,4334,콩게,베니쿤에게 확실히 행복을 주는 게 무엇인지 생각해봐..! ▼,Chr6_idle,Chr6_idle,Chr1_happy,2,,,
87,4335,콩게,그리고 그걸 쟁취하기 위해 꾸준히 노력해…! ▼,Chr6_idle,Chr6_idle,Chr1_happy,2,,,
88,4336,콩게,알고 있지..? ▼,Chr6_idle,Chr6_idle,Chr1_happy,2,,,
89,4337,콩게,노력하는 사람은 언제나 승리한다..! ▼,Chr6_idle,Chr6_idle,Chr1_happy,2,,,
90,4338,콩게,파이팅!!!! ▼,Chr6_idle,Chr6_idle,Chr1_happy,2,,,
91,4339,,End ▼,Chr6_idle,Chr6_idle,Chr1_happy,2,,,1
92,1101,,(학교로 달려가고 있는 수아.) ▼,Chr6_idle,Chr6_idle,Chr7_idle,3,2,,
93,1102,홍수아,으아..오늘도 늦겠어..! ▼,Chr6_idle,Chr6_idle,Chr7_idle,3,,,
94,1103,홍수아,얼른 가야지..! ▼,Chr6_idle,Chr6_idle,Chr7_idle,3,,,
95,1104,,(수아의 눈에 짐을 많이 들고 계시는 할머니가 보인다.) ▼,Chr5_idle,Chr6_idle,Chr6_idle,3,,,
96,1105,,(달리던 길을 다시 돌아온 수아.) ▼,Chr6_idle,Chr6_idle,Chr7_idle,3,,,
97,1106,홍수아,할머니..! 어디로 가세요..? ▼,Chr6_idle,Chr6_idle,Chr7_idle,3,,,
98,1107,홍수아,제가 들어드릴게요..! ▼,Chr6_idle,Chr6_idle,Chr6_idle,3,,,
99,1108,,… ▼,Chr6_idle,Chr6_idle,Chr6_idle,5,5,,
100,1109,선생님,"""자, 그럼 오늘 지각한 사람은 수아, 우디, 미카 이렇게 세 사람이네..? ▼""",Chr5_idle,Chr6_idle,Chr6_idle,7,6,,
101,1110,선생님,세 명은 오늘 반 청소하고 집에 가라~ ▼,Chr5_idle,Chr6_idle,Chr6_idle,7,,,
102,1111,홍수아,넵~ ▼,Chr6_idle,Chr6_idle,Chr7_idle,7,,,
103,1112,우디,"""저기, 수아야.. ▼""",Chr5_idle,Chr6_idle,Chr6_idle,7,,,
104,1113,우디,"""미안한데, 내가 오늘 진짜 중요한 약속이 있거든..? ▼""",Chr5_idle,Chr6_idle,Chr6_idle,7,,,
105,1114,우디,"""오늘 헤일리랑 꼭 만나기로 약속했는데, 혹시 청소 대신 해줄 수 있어? ▼""",Chr5_idle,Chr6_idle,Chr6_idle,7,,,
106,1115,홍수아,뭐어..?! 하지만 미카도 어디로 사라졌는 걸..! ▼,Chr6_idle,Chr6_idle,Chr7_idle,7,,,
107,1116,홍수아,나 혼자 다 하라는 소리야..? 너무 많은데..! ▼,Chr6_idle,Chr6_idle,Chr7_idle,7,,,
108,1117,우디,"""치, 오늘 꼭 헤일리 만났어야 했는데… ▼""",Chr5_idle,Chr6_idle,Chr6_idle,7,,,
109,1118,우디,수아 너 때문에 헤일리가 화 낼거야… ▼,Chr5_idle,Chr6_idle,Chr6_idle,7,,,
110,1119,우디,만약에 내가 지각 안했으면 원래 혼자 했어야 하는 일이잖아..! ▼,Chr5_idle,Chr6_idle,Chr6_idle,7,,,
111,1120,우디,정말 너무해… ▼,Chr5_idle,Chr6_idle,Chr6_idle,7,,,
112,1121,홍수아,그..그러면 오늘은 먼저 가보고 다음 번에 청소할 때 도와줄래..? ▼,Chr6_idle,Chr6_idle,Chr7_idle,7,,,
113,1122,우디,뭐? 정말?! ▼,Chr5_idle,Chr6_idle,Chr6_idle,7,,,
114,1123,우디,당연하지!!!! 하하!!! 고마워!!! 내일 보자!!!! ▼,Chr5_idle,Chr6_idle,Chr6_idle,7,,,
115,1124,,… ▼,Chr6_idle,Chr6_idle,Chr6_idle,5,1,,
116,1125,홍수아,혼자 청소하느라 시간이 너무 늦어졌어… ▼,Chr6_idle,Chr6_idle,Chr7_sad,3,,,
117,1126,홍수아,무서우니까 얼른 가자.. ▼,Chr6_idle,Chr6_idle,Chr7_sad,3,,,
118,1127,홍수아,어..? 저게 뭐지…? ▼,Chr6_idle,Chr6_idle,Chr7_sad,3,,,
119,1128,홍수아,꺄아악~! 마물이야!!!!!! 세상에!!!! ▼,Chr6_idle,Chr6_idle,Chr7_sad,3,,,
120,1129,홍수아,도망가야 하는데 다리가 움직여지지 않아…어떡하지… ▼,Chr6_idle,Chr6_idle,Chr7_sad,3,,,
121,1130,홍수아,너무 무서워..이대로 잡아먹히는 걸까..? ▼,Chr6_idle,Chr6_idle,Chr7_sad,3,,,
122,1131,홍수아,킁…싫어..이대로 잡아먹힐 수는 없어..! ▼,Chr6_idle,Chr6_idle,Chr7_sad,3,,,
123,1132,,(수아가 옆에 있던 돌멩이를 집어 던진다.) ▼,Chr6_idle,Chr6_idle,Chr6_idle,3,,,
124,1133,홍수아,이 못생긴 마물아..!!! 저리 가!!! ▼,Chr6_idle,Chr6_idle,Chr7_sad,3,,,
125,1134,홍수아,오지말고 저리 가!!!! ▼,Chr6_idle,Chr6_idle,Chr7_sad,3,,,
126,1135,홍수아,으헝..오지말라구!! ▼,Chr6_idle,Chr6_idle,Chr7_sad,3,,,
127,1136,,펑!! ▼,Chr6_idle,Chr6_idle,Chr6_idle,3,,,
128,1137,,(그때 펑!!소리와 함께 누군가 나타나 수아를 구해준다.) ▼,Chr2_idle,Chr6_idle,Chr6_idle,3,,,
129,1138,이바다,괜찮니? 마물한테 돌멩이를 던지는 건 마물을 자극하는 일이야. ▼,Chr2_idle,Chr6_idle,Chr6_idle,3,,,
130,1139,이바다,다음부터는 그러지 마. ▼,Chr2_idle,Chr6_idle,Chr6_idle,3,,,
131,1140,홍수아,흑흑ㅎ 흑 넵…... ▼,Chr6_idle,Chr6_idle,Chr7_sad,3,,,
132,1141,홍수아,"""저기, 저기요..구해주셔서 진짜 감사해요.. ▼""",Chr6_idle,Chr6_idle,Chr7_sad,3,,,
133,1142,홍수아,덕분에 살았어요..진짜 감사합니다… ▼,Chr6_idle,Chr6_idle,Chr7_sad,3,,,
134,1143,이바다,흐.흥..그래..!집까지 데려다줄테니까 따라와..! ▼,Chr2_happy,Chr6_idle,Chr6_idle,3,,,
135,1144,,End ▼,Chr2_happy,Chr6_idle,Chr6_idle,3,,,1
136,1201,선생님,"""얘들아, 오늘은 우리 반에 전학생이 있어~ ▼""",Chr5_idle,Chr6_idle,Chr6_idle,7,5,,
137,1202,선생님,나와서 자기소개 한 번 해볼까?? ▼,Chr5_idle,Chr6_idle,Chr6_idle,7,,,
138,1203,,(바다가 앞으로 나온다.) ▼,Chr6_idle,Chr6_idle,Chr8_idle,7,,,
139,1204,이바다,안녕..난 이바다라고 해.. ▼,Chr6_idle,Chr6_idle,Chr8_idle,7,,,
140,1205,이바다,앞으로 잘 부탁할게.. ▼,Chr6_idle,Chr6_idle,Chr8_idle,7,,,
141,1206,,(학생들이 박수를 친다.) ▼,Chr6_idle,Chr6_idle,Chr6_idle,7,,,
142,1207,홍수아,아니 저 애는..! 지난 번 그 애 잖아..! ▼,Chr7_happy,Chr6_idle,Chr6_idle,7,,,
143,1208,홍수아,우리 학교로 전학왔구나… ▼,Chr7_happy,Chr6_idle,Chr6_idle,7,,,
144,1209,홍수아,친하게 지냈으면 좋겠다..헤헤.. ▼,Chr7_happy,Chr6_idle,Chr6_idle,7,,,
145,1210,홍수아,저기…! 우리 지난 번에 만난 적이 있지..? ▼,Chr7_happy,Chr6_idle,Chr6_idle,7,,,
146,1211,홍수아,"""지난 번에는 정신이 없어서 말하지 못했는데, 내 이름은 홍수아야! ▼""",Chr7_happy,Chr6_idle,Chr6_idle,7,,,
147,1212,홍수아,그때는 도와줘서 정말 고마웠어..! ▼,Chr7_happy,Chr6_idle,Chr6_idle,7,,,
148,1213,홍수아,이렇게 다시 만나니까 너무 좋다~ ▼,Chr7_happy,Chr6_idle,Chr6_idle,7,,,
149,1214,이바다,어쩌라구. ▼,Chr6_idle,Chr6_idle,Chr8_angry,7,,,
150,1215,이바다,지난 번이 언젠데? 난 너 오늘 처음 보는데. ▼,Chr6_idle,Chr6_idle,Chr8_angry,7,,,
151,1216,이바다,쓸데 없이 말 걸지 않아줬으면 좋겠어. ▼,Chr6_idle,Chr6_idle,Chr8_angry,7,,,
152,1217,홍수아,"어,,,엇,,,? 하지만 그때 그 마물말이야.. ▼",Chr7_sad,Chr6_idle,Chr6_idle,7,,,
153,1218,이바다,야..! 말 걸지 말라고!!! ▼,Chr6_idle,Chr6_idle,Chr8_angry,7,,,
154,1219,이바다,따라 오지 말고 저리 가! ▼,Chr6_idle,Chr6_idle,Chr8_angry,7,,,
155,1220,홍수아,바다가 왜 나를 모르는 척 하는 걸까.. ▼,Chr7_sad,Chr6_idle,Chr6_idle,7,,,
156,1221,홍수아,나는 바다랑 친하게 지내고 싶은데..바다는 아닌걸까.. ▼,Chr7_sad,Chr6_idle,Chr6_idle,7,,,
157,1222,홍수아,하지만 막 전학와서 모르는 게 많을테니까..내가 도와줘야 해..! ▼,Chr7_sad,Chr6_idle,Chr6_idle,7,,,
158,1223,홍수아,저기 얘들아 혹시 바다 어디로 갔는지 봤어? ▼,Chr7_idle,Chr6_idle,Chr6_idle,7,,,
159,1224,,… ▼,Chr6_idle,Chr6_idle,Chr6_idle,5,8,,
160,1225,홍수아,바다야~ ▼,Chr7_idle,Chr6_idle,Chr6_idle,9,,,
161,1226,홍수아,꺄악 어떻게 해!! 바다가 또 마물과 싸우고 있잖아..! ▼,Chr7_idle,Chr6_idle,Chr6_idle,9,,,
162,1227,홍수아,도움을 청해야겠어!!  ▼,Chr7_idle,Chr6_idle,Chr6_idle,9,,,
163,1228,홍수아,그런데 누구한테 가야 하지!! ▼,Chr7_idle,Chr6_idle,Chr6_idle,9,,,
164,1229,,쾅! ▼,Chr6_idle,Chr6_idle,Chr6_idle,9,,,
165,1230,,(그때 마물의 공격으로 바다가 쓰러진다.) ▼,Chr6_idle,Chr6_idle,Chr6_idle,9,,,
166,1231,홍수아,어떡해!! 바다야!!!!!! ▼,Chr7_angry,Chr6_idle,Chr6_idle,9,,,
167,1232,홍수아,나라도 도와야 해!!! ▼,Chr7_angry,Chr6_idle,Chr6_idle,9,,,
168,1233,,(수아는 주변을 두리번 거리다 또 돌멩이를 주워든다.) ▼,Chr6_idle,Chr6_idle,Chr6_idle,9,,,
169,1234,홍수아,야!! 이 못된 마물아!! ▼,Chr7_angry,Chr6_idle,Chr6_idle,9,,,
170,1235,홍수아,바다를 놔줘!!! ▼,Chr7_angry,Chr6_idle,Chr6_idle,9,,,
171,1236,홍수아,바다를 괴롭히지 마!!!!!!! ▼,Chr7_angry,Chr6_idle,Chr6_idle,9,,,
172,1237,이바다,너..! 여기 왜 왔어..! ▼,Chr6_idle,Chr6_idle,Chr2_angry,9,,,
173,1238,이바다,돌멩이 던지지 말라고 했잖아!!! ▼,Chr6_idle,Chr6_idle,Chr2_angry,9,,,
174,1239,홍수아,앗 바다 너! ▼,Chr7_happy,Chr6_idle,Chr6_idle,9,,,
175,1240,홍수아,역시 기억하고 있었구나!!!!! ▼,Chr7_happy,Chr6_idle,Chr6_idle,9,,,
176,1241,이바다,시끄러워! 얼른 도망가!!!!! ▼,Chr6_idle,Chr6_idle,Chr2_angry,9,,,
177,1242,,(그때 수아의 공격으로 화가 난 마물이 수아를 공격하려 한다.) ▼,Chr6_idle,Chr6_idle,Chr6_idle,9,,,
178,1243,이바다,조심해 홍수아!!!! ▼,Chr6_idle,Chr6_idle,Chr2_angry,9,,,
179,1244,홍수아,꺄악!!!! ▼,Chr7_angry,Chr6_idle,Chr6_idle,9,2,,
180,1245,,(수아의 능력이 개화하여 마물을 물리친다.) ▼,Chr6_idle,Chr6_idle,Chr6_idle,9,,,
181,1246,홍수아,뭐..뭐지 이건..갑자기 힘이 넘쳐 흐르고 있어…. ▼,Chr7_happy,Chr6_idle,Chr6_idle,9,,,
182,1247,이바다,홍수아 괜찮아?! ▼,Chr6_idle,Chr6_idle,Chr2_angry,9,,,
183,1248,홍수아,으응 괜찮아 바다야… ▼,Chr7_happy,Chr6_idle,Chr6_idle,9,,,
184,1249,이바다,자꾸 위험한 일에 끼어들면 어떻게 해 바보야!! ▼,Chr6_idle,Chr6_idle,Chr2_angry,9,,,
185,1250,이바다,방금 그건 또 뭐고!! ▼,Chr6_idle,Chr6_idle,Chr2_angry,9,,,
186,1251,이바다,능력이 개화한거야?? ▼,Chr6_idle,Chr6_idle,Chr2_angry,9,,,
187,1252,홍수아,능력..? ▼,Chr7_happy,Chr6_idle,Chr6_idle,9,,,
188,1253,홍수아,이게….마물들을 물리칠 수 있는 힘이구나…. ▼,Chr7_happy,Chr6_idle,Chr6_idle,9,,,
189,1254,홍수아,이걸로 바다 너랑 같이 다른 사람들을 도와줄 수 있겠어… ▼,Chr7_happy,Chr6_idle,Chr6_idle,9,,,
190,1255,홍수아,정말 다행이다!! ▼,Chr7_happy,Chr6_idle,Chr6_idle,9,,,
191,1256,홍수아,하하!! ▼,Chr7_happy,Chr6_idle,Chr6_idle,9,,,
192,1257,이바다,다행이긴 이 바보야! ▼,Chr6_idle,Chr6_idle,Chr2_angry,9,,,
193,1258,이바다,넌 정말 바보 같아.. ▼,Chr6_idle,Chr6_idle,Chr2_angry,9,,,
194,1259,,End ▼,Chr6_idle,Chr6_idle,Chr2_angry,9,,,1
195,1301,,(바다와 수아가 힘을 합쳐 마물을 물리쳤다.) ▼,Chr6_idle,Chr6_idle,Chr6_idle,,6,,
196,1302,홍수아,바다야..! 수고했어..! ▼,Chr1_happy,Chr6_idle,Chr6_idle,3,,,
197,1303,이바다,어..너도.. ▼,Chr6_idle,Chr6_idle,Chr2_angry,3,,,
198,1304,홍수아,"""그런데 바다야, 매번 이렇게 마구잡이로 공격하는 것은 피하는 게 좋겠어.. ▼""",Chr1_sad,Chr6_idle,Chr6_idle,3,,,
199,1305,홍수아,피해가 너무 큰 걸.. ▼,Chr1_sad,Chr6_idle,Chr6_idle,3,,,
200,1306,홍수아,이러다 다른 사람들도 휘말릴 수 있을 것 같아.. ▼,Chr1_sad,Chr6_idle,Chr6_idle,3,,,
201,1307,이바다,뭐어? ▼,Chr6_idle,Chr6_idle,Chr2_angry,3,,,
202,1308,이바다,너 아직도 그런 생각을 하느라 소극적으로 공격한거야?? ▼,Chr6_idle,Chr6_idle,Chr2_angry,3,,,
203,1309,이바다,네가 싸움을 질질 끌어서 피해가 더 커질 거라는 생각은 안해?! ▼,Chr6_idle,Chr6_idle,Chr2_angry,3,,,
204,1310,홍수아,하지만 바다야.. ▼,Chr1_sad,Chr6_idle,Chr6_idle,3,,,
205,1311,홍수아,우린 둘 다 능력을 이용하는 데 미숙하잖아.. ▼,Chr1_sad,Chr6_idle,Chr6_idle,3,,,
206,1312,홍수아,오히려 피해를 키울 수 있을 것 같아.. ▼,Chr1_sad,Chr6_idle,Chr6_idle,3,,,
207,1313,이바다,너 정말 답답하게 군다. ▼,Chr6_idle,Chr6_idle,Chr2_angry,3,,,
208,1314,이바다,피해가 생기기 전에 마물을 정리하는 게 낫잖아! ▼,Chr6_idle,Chr6_idle,Chr2_angry,3,,,
209,1315,,(그때 멀리서 비명소리가 들려온다.) ▼,Chr6_idle,Chr6_idle,Chr6_idle,3,,,
210,1316,홍수아,마물이 또 나타났나봐..! ▼,Chr1_sad,Chr6_idle,Chr6_idle,3,,,
211,1317,이바다,어서 가보자..! ▼,Chr6_idle,Chr6_idle,Chr2_angry,3,,,
212,1318,,… ▼,Chr6_idle,Chr6_idle,Chr6_idle,5,,,
213,1319,,(바다가 물 폭탄을 마물에게 던진다.) ▼,Chr6_idle,Chr6_idle,Chr6_idle,3,8,,
214,1320,마물,크아왕!!! ▼,Chr6_idle,Chr6_idle,Chr6_idle,3,,,
215,1321,,(화가 난 마물이 날 뛰며 주변의 건물들이 부서지고 있다.) ▼,Chr6_idle,Chr6_idle,Chr6_idle,3,,,
216,1322,이바다,으앗..! ▼,Chr6_idle,Chr6_idle,Chr2_angry,3,,,
217,1323,,(당황한 바다가 마물을 막아보려다 건물의 잔해에 맞아 쓰러졌다.) ▼,Chr6_idle,Chr6_idle,Chr6_idle,3,,,
218,1324,홍수아,바다야..!!! 괜찮아…?! ▼,Chr1_sad,Chr6_idle,Chr6_idle,3,,,
219,1325,홍수아,어서 이 상황을 끝내야 해..! ▼,Chr1_sad,Chr6_idle,Chr6_idle,3,,,
220,1326,홍수아,어떻게 해야 하지..!!!..!! ▼,Chr1_sad,Chr6_idle,Chr6_idle,3,,,
221,1327,홍수아,바다의 말대로 내가 시간을 끌어서 이렇게 된거야..! ▼,Chr1_sad,Chr6_idle,Chr6_idle,3,,,
222,1328,홍수아,할 수 있는 한 강한 힘으로 공격해야 해..! ▼,Chr1_sad,Chr6_idle,Chr6_idle,3,,,
223,1329,홍수아,이야앗!!! ▼,Chr1_sad,Chr6_idle,Chr6_idle,3,,,
224,1330,,"(수아의 공격으로 마물이 넘어지며, 주변의 사람들이 다치게 되었다.) ▼",Chr6_idle,Chr6_idle,Chr6_idle,3,,,
225,1331,홍수아,큰일이야…힘이 점점 빠지고 있어… ▼,Chr1_sad,Chr6_idle,Chr6_idle,3,4,,
226,1332,홍수아,이대로 질 수 없는데…. ▼,Chr1_sad,Chr6_idle,Chr6_idle,3,,,
227,1333,한초롱,정신차려!!! 얘!! 괜찮니?! ▼,Chr6_idle,Chr6_idle,Chr3_idle,3,,,
228,1334,,(그때 나타난 초롱이 둘을 치유해준다.) ▼,Chr6_idle,Chr6_idle,Chr6_idle,3,,,
229,1335,한초롱,다친 사람들은 걱정하지마!! 내가 치유해줄테니까! ▼,Chr6_idle,Chr6_idle,Chr3_idle,3,,,
230,1336,한초롱,너희는 저 마물을 공격해!! ▼,Chr6_idle,Chr6_idle,Chr3_idle,3,,,
231,1337,,… ▼,Chr6_idle,Chr6_idle,Chr6_idle,5,,,
232,1338,이바다,..야 홍수아..네 말이 맞았어.. ▼,Chr2_sad,Chr6_idle,Chr6_idle,3,,,
233,1339,이바다,괜히 빨리 끝내려 하다가 더 큰 위험에 처했어.. ▼,Chr2_sad,Chr6_idle,Chr6_idle,3,,,
234,1340,이바다,미안해…. ▼,Chr2_sad,Chr6_idle,Chr6_idle,3,,,
235,1341,홍수아,아니야 수아야.. ▼,Chr6_idle,Chr6_idle,Chr1_sad,3,,,
236,1342,홍수아,나도..나도 좀 더 침착했더라면 안전한 방법을 찾을 수 있었을거야.. ▼,Chr6_idle,Chr6_idle,Chr1_sad,3,,,
237,1343,홍수아,우리 앞으로도 같이 잘 지내보자.. ▼,Chr6_idle,Chr6_idle,Chr1_happy,3,,,
238,1344,이바다,그래..! ▼,Chr2_sad,Chr6_idle,Chr6_idle,3,,,
239,1345,홍수아,저기..! 언니!! ▼,Chr6_idle,Chr6_idle,Chr1_happy,3,,,
240,1346,홍수아,오늘..도와주셔서 감사해요…! ▼,Chr6_idle,Chr6_idle,Chr1_happy,3,,,
241,1347,한초롱,아니야 당연한거지!! ▼,Chr3_idle,Chr6_idle,Chr6_idle,3,,,
242,1348,한초롱,난 한초롱이라고 해..! ▼,Chr3_idle,Chr6_idle,Chr6_idle,3,,,
243,1349,한초롱,만나서 반가워~ 앞으로 잘 부탁해~ ▼,Chr3_idle,Chr6_idle,Chr6_idle,3,,,
244,1350,홍수아,저는 홍수아예요…! ▼,Chr6_idle,Chr6_idle,Chr1_happy,3,,,
245,1351,이바다,저는 이바다예요.. ▼,Chr2_idle,Chr6_idle,Chr6_idle,3,,,
246,1352,홍수아,저희도 잘부탁드려요!! ▼,Chr6_idle,Chr6_idle,Chr1_happy,3,,,
247,1353,,End ▼,Chr6_idle,Chr6_idle,Chr1_happy,3,,,1
248,2101,이바다,이브!! 엄마가 너무 깊은 곳에서 놀지 말라구 했잖아!! ▼,Chr6_idle,Chr6_idle,Chr6_idle,5,1,,
249,2102,이브,괜찮아 바다야!! 너도 이쪽으로 와!!! ▼,Chr6_idle,Chr6_idle,Chr6_idle,5,,,
250,2103,이바다,알겠어!! 잠시만 기다려!!! ▼,Chr6_idle,Chr6_idle,Chr6_idle,5,,,
251,2104,이브,꺄악!!!! 도와줘 바다야!!! ▼,Chr6_idle,Chr6_idle,Chr6_idle,5,,,
252,2105,이바다,이브가 물에 빠졌어!!! 어떻게 하지!! ▼,Chr6_idle,Chr6_idle,Chr6_idle,5,,,
253,2106,이바다,이브야!!!! 어떻게 해!!! ▼,Chr6_idle,Chr6_idle,Chr6_idle,5,,,
254,2107,이바다,이브를 구해야 해!!!! ▼,Chr6_idle,Chr6_idle,Chr6_idle,5,,,
255,2108,,(그 순간 바다의 능력이 개화해 이브를 구할 수 있었다..) ▼,Chr6_idle,Chr6_idle,Chr6_idle,5,,,
256,2109,이바다,이브야 괜찮아..? ▼,Chr6_idle,Chr6_idle,Chr6_idle,5,,,
257,2110,이브,으앙!!!!!!!!!!!!!!!!!!! 이 마녀!!!!!!!!!!!!!!! ▼,Chr6_idle,Chr6_idle,Chr6_idle,5,,,
258,2111,이브,가까이 오지마!!!! ▼,Chr6_idle,Chr6_idle,Chr6_idle,5,,,
259,2112,이브,내가 빠진 것도 네가 한거지!!!!!!!!!!! ▼,Chr6_idle,Chr6_idle,Chr6_idle,5,,,
260,2113,이바다,아니야….....내가 그런 게 아니야…... ▼,Chr6_idle,Chr6_idle,Chr6_idle,5,,,
261,2114,,... ▼,Chr6_idle,Chr6_idle,Chr6_idle,5,,,
262,2115,,(열심히 마물과 싸우는 중인 바다) ▼,Chr2_angry,Chr6_idle,Chr6_idle,3,1,,
263,2116,이바다,으악..! 큰일날 뻔 했잖아..! ▼,Chr2_angry,Chr6_idle,Chr6_idle,3,,,
264,2117,이바다,요즘 마물이 갑자기 많이 등장하는 기분이야.. ▼,Chr2_angry,Chr6_idle,Chr6_idle,3,,,
265,2118,이바다,휴…힘들다.. ▼,Chr2_idle,Chr6_idle,Chr6_idle,3,,,
266,2119,홍수아,꺄악~! 도와주세요!!!!! ▼,Chr6_idle,Chr6_idle,Chr7_sad,3,6,,
267,2120,,(멀리서 도움을 요청하는 소리가 들린다) ▼,Chr6_idle,Chr6_idle,Chr6_idle,3,,,
268,2121,이바다,어서 가봐야겠다!! ▼,Chr2_angry,Chr6_idle,Chr6_idle,3,,,
269,2122,홍수아,저리가!!!! ▼,Chr6_idle,Chr6_idle,Chr7_sad,3,,,
270,2123,,(수아가 돌멩이를 마물에게 던지고 있다.) ▼,Chr6_idle,Chr6_idle,Chr6_idle,3,,,
271,2124,이바다,"""으앗, 저 바보같은 게..! ▼""",Chr2_angry,Chr6_idle,Chr6_idle,3,,,
272,2125,이바다,위험하게 마물을 자극하고 있잖아..! ▼,Chr2_angry,Chr6_idle,Chr6_idle,3,,,
273,2126,이바다,우선 마물부터 처리해야겠어..! ▼,Chr2_angry,Chr6_idle,Chr6_idle,3,,,
274,2127,,펑!! ▼,Chr6_idle,Chr6_idle,Chr6_idle,3,,,
275,2128,,(펑!! 소리와 함께 수아가 마물을 물리친다.) ▼,Chr6_idle,Chr6_idle,Chr6_idle,3,,,
276,2129,이바다,"""휴…아, 참 아까 걔는 괜찮은가? ▼""",Chr2_idle,Chr6_idle,Chr6_idle,3,,,
277,2130,이바다,괜찮니? 마물한테 돌멩이를 던지는 건 마물을 자극하는 일이야. ▼,Chr2_idle,Chr6_idle,Chr6_idle,3,1,,
278,2131,이바다,다음부터는 그러지 마. ▼,Chr2_idle,Chr6_idle,Chr6_idle,3,,,
279,2132,홍수아,흑흑ㅎ 흑넵…... ▼,Chr6_idle,Chr6_idle,Chr7_sad,3,,,
280,2133,이바다,(엄청 우네….많이 놀랐나 봐….) ▼,Chr2_idle,Chr6_idle,Chr6_idle,3,,,
281,2134,이바다,(그런데도 마물한테 저항하다니..용감한 애잖아..?) ▼,Chr2_idle,Chr6_idle,Chr6_idle,3,,,
282,2135,홍수아,"""저기, 저기요..구해주셔서 진짜 감사해요.. ▼""",Chr6_idle,Chr6_idle,Chr7_sad,3,,,
283,2136,홍수아,덕분에 살았어요..진짜 감사합니다… ▼,Chr6_idle,Chr6_idle,Chr7_sad,3,,,
284,2137,이바다,(뭐..뭐얏… 지금 나한테 인사하는건가..?) ▼,Chr2_idle,Chr6_idle,Chr6_idle,3,,,
285,2138,이바다,(지금까지 다들 인사도 똑바로 안하고 도망갔는데….) ▼,Chr2_idle,Chr6_idle,Chr6_idle,3,,,
286,2139,이바다,흐.흥..그래..!집까지 데려다줄테니까 따라와..! ▼,Chr2_happy,Chr6_idle,Chr6_idle,3,,,
287,2140,이바다,좋은 애였던 것 같아… ▼,Chr2_happy,Chr6_idle,Chr6_idle,3,,,
288,2141,이바다,다음에 마물을 만나면 잘 도망가야 할텐데.. ▼,Chr2_happy,Chr6_idle,Chr6_idle,3,,,
289,2142,이바다,뭐! 못 도망가면 내가 또 구해줘야지!! ▼,Chr2_happy,Chr6_idle,Chr6_idle,3,,,
290,2143,이바다,아침부터 그런 꿈을 꾼 것 치고는 나쁘지 않네..! ▼,Chr2_happy,Chr6_idle,Chr6_idle,3,,,
291,2144,,End ▼,Chr2_happy,Chr6_idle,Chr6_idle,3,,,1
292,2201,선생님,나와서 자기소개 한 번 해볼까?? ▼,Chr6_idle,Chr6_idle,Chr5_idle,7,3,,
293,2202,이바다,(하..이런 시간 진짜 부담스러운데…) ▼,Chr8_idle,Chr6_idle,Chr6_idle,7,,,
294,2203,이바다,안녕..난 이바다라고 해.. ▼,Chr8_idle,Chr6_idle,Chr6_idle,7,,,
295,2204,이바다,앞으로 잘 부탁할게.. ▼,Chr8_idle,Chr6_idle,Chr6_idle,7,,,
296,2205,이바다,(어..? 쟤는 그때 걔다…..) ▼,Chr8_idle,Chr6_idle,Chr6_idle,7,,,
297,2206,이바다,(날 알아보지는 못하겠지?? 그때는 변신 중이었으니까…) ▼,Chr8_idle,Chr6_idle,Chr6_idle,7,,,
298,2207,홍수아,"""지난 번에는 정신이 없어서 말하지 못했는데, 내 이름은 홍수아야! ▼""",Chr6_idle,Chr6_idle,Chr7_happy,7,,,
299,2208,홍수아,그때는 도와줘서 정말 고마웠어..! ▼,Chr6_idle,Chr6_idle,Chr7_happy,7,,,
300,2209,홍수아,이렇게 다시 만나니까 너무 좋다~ ▼,Chr6_idle,Chr6_idle,Chr7_happy,7,,,
301,2210,이바다,(아이 이런!!!!! 어떻게 나인 줄 알아봤지!!!!!) ▼,Chr8_idle,Chr6_idle,Chr6_idle,7,,,
302,2211,이바다,(분명히 그때는 변신 중이었는데!!!!) ▼,Chr8_idle,Chr6_idle,Chr6_idle,7,,,
303,2212,이바다,(어떡하지!!!!!!!! 시치미를 떼봐야겠다..!) ▼,Chr8_idle,Chr6_idle,Chr6_idle,7,,,
304,2213,이바다,어쩌라구. ▼,Chr8_idle,Chr6_idle,Chr6_idle,7,,,
305,2214,이바다,지난 번이 언젠데? 난 너 오늘 처음 보는데. ▼,Chr8_idle,Chr6_idle,Chr6_idle,7,,,
306,2215,이바다,쓸데 없이 말 걸지 않아줬으면 좋겠어. ▼,Chr8_idle,Chr6_idle,Chr6_idle,7,,,
307,2216,이바다,"(어떻게 해!! 너무 심하게 말해버렸어..!) ▼
",Chr8_sad,Chr6_idle,Chr6_idle,7,,,
308,2217,이바다,(상처받았겠지???) ▼,Chr8_sad,Chr6_idle,Chr6_idle,7,,,
309,2218,이바다,(하지만 들킬 수는 없어…! 들키면 또 나를 마녀라고 볼거야…) ▼,Chr8_sad,Chr6_idle,Chr6_idle,7,,,
310,2219,홍수아,"어,,,엇,,,? 하지만 그때 그 마물말이야.. ▼",Chr6_idle,Chr6_idle,Chr7_sad,7,,,
311,2220,이바다,(마물까지 말하면 어떻게 해!!!) ▼,Chr8_sad,Chr6_idle,Chr6_idle,7,,,
312,2221,이바다,(역시 바보였어..! 눈치가 없나봐!!!) ▼,Chr8_sad,Chr6_idle,Chr6_idle,7,,,
313,2222,이바다,야..! 말 걸지 말라고!!! ▼,Chr8_angry,Chr6_idle,Chr6_idle,7,,,
314,2223,이바다,따라 오지 말고 저리 가! ▼,Chr8_angry,Chr6_idle,Chr6_idle,7,,,
315,2224,,… ▼,Chr6_idle,Chr6_idle,Chr6_idle,5,8,,
316,2225,이바다,이젠 학교 안에서도 마물이 나타나다니..! ▼,Chr2_angry,Chr6_idle,Chr6_idle,9,,,
317,2226,이바다,점점 마물들을 상대하는 게 힘들어지고 있어…! ▼,Chr2_angry,Chr6_idle,Chr6_idle,9,,,
318,2227,,쾅!! ▼,Chr6_idle,Chr6_idle,Chr6_idle,9,,,
319,2228,이바다,아얏….... ▼,Chr2_angry,Chr6_idle,Chr6_idle,9,,,
320,2229,홍수아,야!! 이 못된 마물아!! ▼,Chr6_idle,Chr6_idle,Chr7_angry,9,,,
321,2230,홍수아,바다를 놔줘!!! ▼,Chr6_idle,Chr6_idle,Chr7_angry,9,,,
322,2231,홍수아,바다를 괴롭히지 마!!!!!!! ▼,Chr6_idle,Chr6_idle,Chr7_angry,9,,,
323,2232,이바다,(쟤는…홍수아잖아…) ▼,Chr2_angry,Chr6_idle,Chr6_idle,9,,,
324,2233,이바다,너..! 여기 왜 왔어..! ▼,Chr2_angry,Chr6_idle,Chr6_idle,9,,,
325,2234,이바다,돌멩이 던지지 말라고 했잖아!!! ▼,Chr2_angry,Chr6_idle,Chr6_idle,9,,,
326,2235,홍수아,앗 바다 너! ▼,Chr6_idle,Chr6_idle,Chr7_happy,9,,,
327,2236,홍수아,역시 기억하고 있었구나!!!!! ▼,Chr6_idle,Chr6_idle,Chr7_happy,9,,,
328,2237,이바다,시끄러워! 얼른 도망가!!!!! ▼,Chr2_angry,Chr6_idle,Chr6_idle,9,,,
329,2238,,(그때 수아의 공격으로 화가 난 마물이 수아를 공격하려 한다.) ▼,Chr6_idle,Chr6_idle,Chr6_idle,9,,,
330,2239,이바다,조심해 홍수아!!!! ▼,Chr2_angry,Chr6_idle,Chr6_idle,9,,,
331,2240,홍수아,꺄악!!!! ▼,Chr6_idle,Chr6_idle,Chr7_angry,9,,,
332,2241,,(그때 수아에게서 빛이 터져나와 마물을 물리쳤다.) ▼,Chr6_idle,Chr6_idle,Chr6_idle,9,,,
333,2242,이바다,저건….개화잖아…........? ▼,Chr2_angry,Chr6_idle,Chr6_idle,9,,,
334,2243,이바다,홍수아 괜찮아?! ▼,Chr2_angry,Chr6_idle,Chr6_idle,9,1,,
335,2244,홍수아,으응 괜찮아 바다야… ▼,Chr6_idle,Chr6_idle,Chr7_happy,9,,,
336,2245,홍수아,이게….마물들을 물리칠 수 있는 힘이구나…. ▼,Chr6_idle,Chr6_idle,Chr7_happy,9,,,
337,2246,홍수아,이걸로 바다 너랑 같이 다른 사람들을 도와줄 수 있겠어… ▼,Chr6_idle,Chr6_idle,Chr7_happy,9,,,
338,2247,홍수아,정말 다행이다!! ▼,Chr6_idle,Chr6_idle,Chr7_happy,9,,,
339,2248,홍수아,"하하!! ▼
",Chr6_idle,Chr6_idle,Chr7_happy,9,,,
340,2249,이바다,(죽을 뻔 했는데 다행이라고…?) ▼,Chr2_angry,Chr6_idle,Chr6_idle,9,,,
341,2250,이바다,(얘는 정말 착한 건지 바보인 건지 잘 모르겠어…) ▼,Chr2_angry,Chr6_idle,Chr6_idle,9,,,
342,2251,,End ▼,Chr2_angry,Chr6_idle,Chr6_idle,9,,,1
343,2301,이바다,(마물이 점점 강해지는 게 맞는 것 같은데..) ▼,Chr2_idle,Chr6_idle,Chr6_idle,3,6,,
344,2302,이바다,(이대로는 안되겠어..! 홍수아에게 말해서 계획을 세워봐야겠어..!) ▼,Chr2_idle,Chr6_idle,Chr6_idle,3,,,
345,2303,홍수아,"""그런데 바다야, 매번 이렇게 마구잡이로 공격하는 것은 피하는 게 좋겠어.. ▼""",Chr6_idle,Chr6_idle,Chr1_sad,3,,,
346,2304,홍수아,피해가 너무 큰 걸..이러다 다른 사람들도 휘말릴 수 있을 것 같아.. ▼,Chr6_idle,Chr6_idle,Chr1_sad,3,,,
347,2305,이바다,(지금 이런 상황에 저런 태평한 소리를 하다니..) ▼,Chr2_angry,Chr6_idle,Chr6_idle,3,,,
348,2306,이바다,너 아직도 그런 생각을 하느라 소극적으로 공격한거야?? ▼,Chr2_angry,Chr6_idle,Chr6_idle,3,,,
349,2307,이바다,네가 싸움을 질질 끌어서 피해가 더 커질 거라는 생각은 안해?! ▼,Chr2_angry,Chr6_idle,Chr6_idle,3,,,
350,2308,홍수아,하지만 바다야.. ▼,Chr6_idle,Chr6_idle,Chr1_sad,3,,,
351,2309,홍수아,우린 둘 다 능력을 이용하는 데 미숙하잖아.. ▼,Chr6_idle,Chr6_idle,Chr1_sad,3,,,
352,2310,홍수아,오히려 피해를 키울 수 있을 것 같아.. ▼,Chr6_idle,Chr6_idle,Chr1_sad,3,,,
353,2311,이바다,너 정말 답답하게 군다. ▼,Chr2_angry,Chr6_idle,Chr6_idle,3,,,
354,2312,이바다,피해가 생기기 전에 마물을 정리하는 게 낫잖아! ▼,Chr2_angry,Chr6_idle,Chr6_idle,3,,,
355,2313,,(그때 멀리서 비명소리가 들려온다.) ▼,Chr6_idle,Chr6_idle,Chr6_idle,3,,,
356,2314,홍수아,마물이 또 나타났나봐..! ▼,Chr6_idle,Chr6_idle,Chr1_sad,3,,,
357,2315,이바다,어서 가보자..! ▼,Chr2_angry,Chr6_idle,Chr6_idle,3,,,
358,2316,,… ▼,Chr6_idle,Chr6_idle,Chr6_idle,5,,,
359,2317,이바다,(자존심이 상하지만 능력을 다루는 데 미숙한 게 맞아..) ▼,Chr2_angry,Chr6_idle,Chr6_idle,3,7,,
360,2318,이바다,(그러니까 더 빠르게 마물을 처리해야 해!!) ▼,Chr2_angry,Chr6_idle,Chr6_idle,3,,,
361,2319,이바다,(그렇지 않으면 수아도 나도 위험해져..) ▼,Chr2_angry,Chr6_idle,Chr6_idle,3,,,
362,2320,이바다,(바다가 물 폭탄을 마물에게 던진다.) ▼,Chr2_angry,Chr6_idle,Chr6_idle,3,,,
363,2321,마물,크아왕!!! ▼,Chr6_idle,Chr6_idle,Chr6_idle,3,,,
364,2322,,(화가 난 마물이 날 뛰며 주변의 건물들이 부서지고 있다.) ▼,Chr6_idle,Chr6_idle,Chr6_idle,3,,,
365,2323,이바다,으앗..! ▼,Chr2_angry,Chr6_idle,Chr6_idle,3,,,
366,2324,,(당황한 바다가 마물을 막아보려다 건물의 잔해에 맞아 쓰러졌다.) ▼,Chr6_idle,Chr6_idle,Chr6_idle,3,,,
367,2325,이바다,아야…........너무 아파…......... ▼,Chr2_sad,Chr6_idle,Chr6_idle,3,,,
368,2326,이바다,일어날 수가 없어…... ▼,Chr2_sad,Chr6_idle,Chr6_idle,3,,,
369,2327,이바다,흑….어쩌지…. ▼,Chr2_sad,Chr6_idle,Chr6_idle,3,,,
370,2328,이바다,수아…수아 말이 맞았던 걸까…... ▼,Chr2_sad,Chr6_idle,Chr6_idle,3,,,
371,2329,이바다,혼자서는 위험해… ▼,Chr2_sad,Chr6_idle,Chr6_idle,3,,,
372,2330,이바다,내가 어서 가야 하는데… ▼,Chr2_sad,Chr6_idle,Chr6_idle,3,,,
373,2331,이바다,미안해 수아야…... ▼,Chr2_sad,Chr6_idle,Chr6_idle,3,,,
374,2332,한초롱,얘!! 정신차려!! ▼,Chr6_idle,Chr6_idle,Chr3_idle,3,,,
375,2333,한초롱,내가 치료해줄테니까 가서 저 친구를 도와줘!! ▼,Chr6_idle,Chr6_idle,Chr3_idle,3,,,
376,2334,한초롱,할 수 있겠어??? ▼,Chr6_idle,Chr6_idle,Chr3_idle,3,,,
377,2335,,… ▼,Chr6_idle,Chr6_idle,Chr6_idle,5,0,,
378,2336,,"(마물을 처리하고 난 뒤, 수아에게 다가가는 바다.) ▼",Chr6_idle,Chr6_idle,Chr6_idle,3,4,,
379,2337,이바다,..야 홍수아..네 말이 맞았어.. ▼,Chr2_sad,Chr6_idle,Chr6_idle,3,,,
380,2338,이바다,괜히 빨리 끝내려 하다가 더 큰 위험에 처했어.. ▼,Chr2_sad,Chr6_idle,Chr6_idle,3,,,
381,2339,이바다,미안해…. ▼,Chr2_sad,Chr6_idle,Chr6_idle,3,,,
382,2340,이바다,저기..언니도… ▼,Chr2_sad,Chr6_idle,Chr6_idle,3,,,
383,2341,이바다,도와주셔서 감사합니다… ▼,Chr2_sad,Chr6_idle,Chr6_idle,3,,,
384,2342,한초롱,그래~ 나는 한초롱이야~ ▼,Chr6_idle,Chr6_idle,Chr3_idle,3,,,
385,2343,한초롱,"""앞으로는 내가 도와줄테니까, 함께 마물을 물리칠 수 있는 방법을 찾아보자~ ▼""",Chr6_idle,Chr6_idle,Chr3_idle,3,,,
386,2344,이바다,(이 사람과 홍수아가 같이 있으면 마물을 물리치는 것도 더 이상 위험하지 않을거야..) ▼,Chr2_idle,Chr6_idle,Chr6_idle,3,,,
387,2345,이바다,네..! 잘 부탁드려요 언니..! ▼,Chr2_idle,Chr6_idle,Chr6_idle,3,,,
388,2346,,End ▼,Chr2_idle,Chr6_idle,Chr6_idle,3,,,1
389,3101,한초롱,(음.......요즘들어 더 강한 마물이 자주 나오고 있어…) ▼,Chr9_idle,Chr6_idle,Chr6_idle,7,1,,
390,3102,한초롱,(마물들을 물리칠 수 있는 방법이 없을까...?) ▼,Chr9_idle,Chr6_idle,Chr6_idle,7,,,
391,3103,한초롱,"(내가 가진 힘으로는 마물이 사라진 뒤, 사람들을 치료하는 것 뿐이야..) ▼",Chr9_sad,Chr6_idle,Chr6_idle,7,,,
392,3104,한초롱,흐음......방법이 없을까.... ▼,Chr9_idle,Chr6_idle,Chr6_idle,7,,,
393,3105,친구,한초롱! 선생님이 부르셔!!! ▼,Chr6_idle,Chr6_idle,Chr5_idle,7,,,
394,3106,한초롱,앗..! 알겠어..고마워...! ▼,Chr9_idle,Chr6_idle,Chr6_idle,7,,,
395,3107,한초롱,"""선생님, 부르셨어요?? ▼""",Chr9_idle,Chr6_idle,Chr6_idle,7,,,
396,3108,선생님,"""아, 초롱아..! 맞아. 선생님 부탁 하나만 들어줄래? ▼""",Chr6_idle,Chr6_idle,Chr5_idle,7,,,
397,3109,선생님,"""학교 뒷산에 학교에서 기르는 토끼장이 있는데, 초롱이가 가서 밥을 챙겨주면 좋겠어~ ▼"" ",Chr6_idle,Chr6_idle,Chr5_idle,7,,,
398,3110,한초롱,아아~ 넵 제가 다녀올게요!! ▼,Chr9_idle,Chr6_idle,Chr6_idle,7,,,
399,3111,선생님,그래! 고마워 초롱아~ ▼,Chr6_idle,Chr6_idle,Chr5_idle,7,,,
400,3112,,... ▼,Chr6_idle,Chr6_idle,Chr6_idle,7,,,
401,3113,홍수아,야!! 이 못된 마물아!! ▼,Chr7_angry,Chr6_idle,Chr6_idle,9,,,
402,3114,홍수아,바다를 놔줘!!! ▼,Chr7_angry,Chr6_idle,Chr6_idle,9,,,
403,3115,홍수아,바다를 괴롭히지 마!!!!!!! ▼,Chr7_angry,Chr6_idle,Chr6_idle,9,,,
404,3116,이바다,너..! 여기 왜 왔어..! ▼,Chr6_idle,Chr6_idle,Chr2_angry,9,,,
405,3117,이바다,돌멩이 던지지 말라고 했잖아!!! ▼,Chr6_idle,Chr6_idle,Chr2_angry,9,,,
406,3118,한초롱,어..? 저건 마물...? ▼,Chr9_idle,Chr6_idle,Chr6_idle,9,,,
407,3119,한초롱,위험하잖아!! 마물한테 돌을 던지다니!! ▼,Chr9_angry,Chr6_idle,Chr6_idle,9,,,
408,3120,한초롱,그런데 저 여자애도 능력을 쓸 줄 아나봐.. ▼,Chr9_idle,Chr6_idle,Chr6_idle,9,,,
409,3121,한초롱,능력을 쓸 줄 아는 다른 사람이 있었다니.. ▼,Chr9_idle,Chr6_idle,Chr6_idle,9,,,
410,3122,한초롱,시간이 지나면 마물이 알아서 사라지는 게 아니었단 말이야..? ▼,Chr9_idle,Chr6_idle,Chr6_idle,9,,,
411,3123,한초롱,"""잠깐 위험해 보이는데, 내가 나서야겠어!! ▼""",Chr9_idle,Chr6_idle,Chr6_idle,9,,,
412,3124,,번쩍!! ▼,Chr6_idle,Chr6_idle,Chr6_idle,9,,,
413,3125,한초롱,저건....개화잖아.....? ▼,Chr9_idle,Chr6_idle,Chr6_idle,9,,,
414,3126,한초롱,마물을 한 번에 없애다니 꽤 강한 것 같아... ▼,Chr9_idle,Chr6_idle,Chr6_idle,9,,,
415,3127,한초롱,지금은...막 개화해서 혼란스러울테니 좀 더 지켜봐야겠다... ▼,Chr9_idle,Chr6_idle,Chr6_idle,9,,,
416,3128,,... ▼,Chr6_idle,Chr6_idle,Chr6_idle,5,2,,
417,3129,한초롱,(그 애 이름이 홍수아였지...) ▼,Chr9_idle,Chr6_idle,Chr6_idle,7,,,
418,3130,한초롱,(밝고 착한 성격으로 유명해서 금방 찾을 수 있었어...) ▼,Chr9_idle,Chr6_idle,Chr6_idle,7,,,
419,3131,한초롱,(자연스럽게 다가가서 친해져야지..!) ▼,Chr9_idle,Chr6_idle,Chr6_idle,7,,,
420,3132,한초롱,(그럼 경계를 좀 늦출 수 있을거야..) ▼,Chr9_idle,Chr6_idle,Chr6_idle,7,,,
421,3133,한초롱,저기...혹시 이 반에 홍수아라고 있니? ▼,Chr9_idle,Chr6_idle,Chr6_idle,7,,,
422,3134,이바다,네? 홍수아는 왜요? ▼,Chr6_idle,Chr6_idle,Chr8_angry,7,,,
423,3135,한초롱,어..? 아~ 나는 2학년인 한초롱인데! 수아한테 할 말이 있어서 왔어!! ▼,Chr9_idle,Chr6_idle,Chr6_idle,7,,,
424,3136,이바다,흥. 홍수아 지금 없는데요. 나중에 다시 오세요. ▼,Chr6_idle,Chr6_idle,Chr8_angry,7,,,
425,3137,이바다,요즘에도 후배를 괴롭히는 선배가 있네... ▼,Chr6_idle,Chr6_idle,Chr8_angry,7,,,
426,3138,한초롱,(괴롭히려는 게 아니야............!) ▼,Chr9_angry,Chr6_idle,Chr6_idle,7,,,
427,3139,한초롱,(저 바다라는 애가 수아 옆에서 떨어지질 않고 있어...) ▼,Chr9_angry,Chr6_idle,Chr6_idle,7,,,
428,3140,한초롱,(어떻게 말을 걸어야 하지..) ▼,Chr9_angry,Chr6_idle,Chr6_idle,7,,,
429,3141,한초롱,(요즘 애들이랑 친해지는 건 정말 어렵구나..) ▼,Chr9_angry,Chr6_idle,Chr6_idle,7,,,
430,3142,,End ▼,Chr9_angry,Chr6_idle,Chr6_idle,7,,,1
431,3201,사람들,꺄악~! 도와주세요!!!!! ▼,Chr6_idle,Chr6_idle,Chr5_idle,3,8,,
432,3202,,(사람들이 마물에게서 도망치고 있다.) ▼,Chr6_idle,Chr6_idle,Chr6_idle,3,,,
433,3203,한초롱,도심에 저렇게 큰 마물이 나타난 건 처음이야!! ▼,Chr9_angry,Chr6_idle,Chr6_idle,3,,,
434,3204,한초롱,어떻게 된 일이지!! ▼,Chr9_angry,Chr6_idle,Chr6_idle,3,,,
435,3205,한초롱,어서 가봐야 해! ▼,Chr9_angry,Chr6_idle,Chr6_idle,3,,,
436,3206,,"... ▼
",Chr6_idle,Chr6_idle,Chr6_idle,3,,,
437,3207,,(바다가 물 폭탄을 마물에게 던진다.) ▼,Chr6_idle,Chr6_idle,Chr6_idle,3,,,
438,3208,마물,크아왕!!! ▼,Chr6_idle,Chr6_idle,Chr6_idle,3,,,
439,3209,,(화가 난 마물이 날 뛰며 주변의 건물들이 부서지고 있다.) ▼,Chr6_idle,Chr6_idle,Chr6_idle,3,,,
440,3210,이바다,으앗..! ▼,Chr2_angry,Chr6_idle,Chr6_idle,3,,,
441,3211,,(당황한 바다가 마물을 막아보려다 건물의 잔해에 맞아 쓰러졌다.) ▼,Chr2_angry,Chr6_idle,Chr6_idle,3,,,
442,3212,한초롱,이런 쓰러졌잖아.! 내가 도와주러 가야해..! ▼,Chr6_idle,Chr6_idle,Chr9_angry,3,,,
443,3213,한초롱,얘! 정신차려!!  ▼,Chr6_idle,Chr6_idle,Chr3_idle,3,,,
444,3214,한초롱,괜찮아?! ▼,Chr6_idle,Chr6_idle,Chr3_idle,3,,,
445,3215,한초롱,내가 치료해줄테니까 가서 저 친구를 도와줘!! ▼,Chr6_idle,Chr6_idle,Chr3_idle,3,,,
446,3216,한초롱,괜찮겠어??? ▼,Chr6_idle,Chr6_idle,Chr3_idle,3,,,
447,3217,이바다,"""네, 할 수 있어요..! ▼""",Chr2_angry,Chr6_idle,Chr6_idle,3,,,
448,3218,,"""(초롱이가 부상자들을 치료하는 동안, 바다와 수아가 마물을 물리쳤다.) ▼""",Chr2_angry,Chr6_idle,Chr6_idle,3,,,
449,3219,홍수아,저기..! 언니!! ▼,Chr6_idle,Chr6_idle,Chr7_happy,3,5,,
450,3220,홍수아,오늘..도와주셔서 감사해요…! ▼,Chr6_idle,Chr6_idle,Chr7_happy,3,,,
451,3221,한초롱,아니야 당연한거지!! ▼,Chr3_idle,Chr6_idle,Chr6_idle,3,,,
452,3222,한초롱,난 한초롱이라고 해..! ▼,Chr3_happy,Chr6_idle,Chr6_idle,3,,,
453,3223,한초롱,만나서 반가워~ 앞으로 잘 부탁해~ ▼,Chr3_happy,Chr6_idle,Chr6_idle,3,,,
454,3224,홍수아,저는 홍수아예요…! ▼,Chr6_idle,Chr6_idle,Chr7_happy,3,,,
455,3225,이바다,저는 이바다예요.. ▼,Chr2_idle,Chr6_idle,Chr6_idle,3,,,
456,3226,홍수아,저희도 잘부탁드려요!! ▼,Chr2_angry,Chr6_idle,Chr6_idle,3,,,
457,3227,,... ▼,Chr6_idle,Chr6_idle,Chr6_idle,5,3,,
458,3228,이바다,저..초롱 언니.. ▼,Chr8_idle,Chr6_idle,Chr6_idle,7,,,
459,3229,이바다,저 뭐 하나만 물어봐도 될까요..? ▼,Chr8_idle,Chr6_idle,Chr6_idle,7,,,
460,3230,이바다,지난 번에 수아랑 이야기 해봤는데.. ▼,Chr8_idle,Chr6_idle,Chr6_idle,7,,,
461,3231,이바다,어떻게 해야할지 잘 모르겠어요.. ▼,Chr8_idle,Chr6_idle,Chr6_idle,7,,,
462,3232,이바다,"""우린 마법소녀인 걸 들켜서도 안되고, 최대한 많은 사람을 지키야 하는데.. ▼""",Chr8_sad,Chr6_idle,Chr6_idle,7,,,
463,3233,이바다,마물을 상대로 힘을 조절하면 더 큰 피해를 불러올 것 같아요.. ▼,Chr8_sad,Chr6_idle,Chr6_idle,7,,,
464,3234,이바다,게다가 저는 아직 능력을 다루는 게 어려워서.. ▼,Chr8_sad,Chr6_idle,Chr6_idle,7,,,
465,3235,이바다,마물을 오래 상대하는 건 힘들어요..수아의 방법은 더 위험해지는 게 아닐까요..? ▼,Chr8_sad,Chr6_idle,Chr6_idle,7,,,
466,3236,한초롱,그런 고민이 있었구나.... ▼,Chr6_idle,Chr6_idle,Chr9_idle,7,,,
467,3237,한초롱,자~ 잘 생각해봐. 수아가 그런 생각을 가진 이유는 뭘까..? ▼,Chr6_idle,Chr6_idle,Chr9_idle,7,,,
468,3238,이바다,수아는...더 적은 피해를 입히면서 마물을 물리치고 싶어했어요.. ▼,Chr8_sad,Chr6_idle,Chr6_idle,7,,,
469,3239,이바다,하지만 저는..최대한 빨리 마물을 물리치는 게 더 적은 피해를 입을 수 있는 방법이라고 생각해요.. ▼,Chr8_sad,Chr6_idle,Chr6_idle,7,,,
470,3240,한초롱,그래? 그럼 너희 둘 다 같은 마음이네~! ▼,Chr6_idle,Chr6_idle,Chr9_idle,7,,,
471,3241,한초롱,둘 다 피해를 적게 입히고 싶은 거잖아~  ▼,Chr6_idle,Chr6_idle,Chr9_idle,7,,,
472,3242,한초롱,능력을 다루는 게 어려운 건 우리 같이 연습해보자..! ▼,Chr6_idle,Chr6_idle,Chr9_idle,7,,,
473,3243,한초롱,내가 도와줄게.. 하지만 수아의 의견도 일리가 있어..! ▼,Chr6_idle,Chr6_idle,Chr9_idle,7,,,
474,3244,한초롱,최대한 마물이 피해를 입히기 어려운 곳으로 유도하는 방법도 있을 것 같아.. ▼,Chr6_idle,Chr6_idle,Chr9_idle,7,,,
475,3245,한초롱,우리 같이 방법을 찾아보자~ ▼,Chr6_idle,Chr6_idle,Chr9_idle,7,,,
476,3246,한초롱,"""(항상 성급해보였는데, 이런 걱정을 하고 있었구나~)  ▼""",Chr6_idle,Chr6_idle,Chr9_idle,7,,,
477,3247,한초롱,자! 이거 받아!! ▼,Chr6_idle,Chr6_idle,Chr9_happy,7,,,
478,3248,,(초롱이 수아에게 막대사탕을 건넸다.) ▼,Chr6_idle,Chr6_idle,Chr6_idle,7,,,
479,3249,한초롱,또 고민이 있을 때는 언제든지 찾아와~ ▼,Chr6_idle,Chr6_idle,Chr9_happy,7,,,
480,3250,이바다,히힛..! 네..! 감사합니다..! ▼,Chr8_happy,Chr6_idle,Chr6_idle,7,,,
481,3251,,End ▼,Chr8_happy,Chr6_idle,Chr6_idle,7,,,1
482,3301,한초롱,얘들아!! 어서 와!! ▼,Chr3_happy,Chr6_idle,Chr6_idle,9,2,,
483,3302,홍수아,시작하기 전에 구호를 외치자!! ▼,Chr6_idle,Chr6_idle,Chr7_happy,9,,,
484,3303,이바다,또???? ▼,Chr2_idle,Chr6_idle,Chr6_idle,9,,,
485,3304,홍수아,당연하지!! 얼른!!! ▼,Chr6_idle,Chr6_idle,Chr7_happy,9,,,
486,3305,홍수아,나는 큐티 핑크!! ▼,Chr6_idle,Chr6_idle,Chr7_happy,9,,,
487,3306,이바다,챠밍 블루!! ▼,Chr2_happy,Chr6_idle,Chr6_idle,9,,,
488,3307,한초롱,퓨어 그린!!! ▼,Chr6_idle,Chr6_idle,Chr3_happy,9,,,
489,3308,홍수아,"""가자, 시크릿!! 매지컬★걸즈!!! ▼""",Chr7_happy,Chr6_idle,Chr6_idle,9,,,
490,3309,,( 시크릿!! 매지컬★걸즈가 능력을 이용해서 연습을 하고 있다.) ▼,Chr6_idle,Chr6_idle,Chr6_idle,9,,,
491,3310,한초롱,챠밍 블루! 큐티 핑크의 불을 좀 더 빨리 꺼줘! ▼,Chr6_idle,Chr6_idle,Chr3_happy,9,,,
492,3311,이바다,네 알겠어요!! ▼,Chr2_happy,Chr6_idle,Chr6_idle,9,,,
493,3312,한초롱,큐티 핑크!! 좀 더 강하게 쳐서 우리에게 길을 터줘!! ▼,Chr6_idle,Chr6_idle,Chr3_happy,9,,,
494,3313,홍수아,넵!!! ▼,Chr7_happy,Chr6_idle,Chr6_idle,9,,,
495,3314,,... ▼,Chr6_idle,Chr6_idle,Chr6_idle,9,,,
496,3315,이바다,그래도 연습하니까 능력을 사용하는 데 망설임이 사라지는 것 같아..! ▼,Chr2_happy,Chr6_idle,Chr6_idle,9,,,
497,3316,홍수아,맞아..! 이름도.. 활동명을 쓰니까 정체를 숨기는데도 편해.. ▼,Chr6_idle,Chr6_idle,Chr7_happy,9,,,
498,3317,??,꺄아아!!! ▼,Chr5_idle,Chr6_idle,Chr6_idle,9,,,
499,3318,??,도와줘요 시크릿!! 매지컬★걸즈~~!!!! ▼,Chr5_idle,Chr6_idle,Chr6_idle,9,,,
500,3319,한초롱,또 마물이 나타났나봐!!!! ▼,Chr3_angry,Chr6_idle,Chr6_idle,9,,,
501,3320,홍수아,가자! 시크릿!! 매지컬★걸즈!!!! ▼,Chr6_idle,Chr6_idle,Chr7_happy,9,,,
502,3321,,… ▼,Chr6_idle,Chr6_idle,Chr6_idle,5,,,
503,3322,한초롱,수아야. ▼,Chr9_idle,Chr6_idle,Chr6_idle,7,,,
504,3323,홍수아,넹? ▼,Chr6_idle,Chr6_idle,Chr7_idle,7,,,
505,3324,한초롱,수아는 무슨 고민 없어? ▼,Chr9_idle,Chr6_idle,Chr6_idle,7,,,
506,3325,홍수아,음.....무슨 고민이요..? ▼,Chr6_idle,Chr6_idle,Chr7_idle,7,,,
507,3326,한초롱,뭐..더 센 마물이 나타나면 어쩌지..? 같은 고민들..? ▼,Chr9_idle,Chr6_idle,Chr6_idle,7,,,
508,3327,홍수아,아~ 그런 건 걱정되지 않아요..! ▼,Chr6_idle,Chr6_idle,Chr7_idle,7,,,
509,3328,홍수아,우리 모두 다들 열심히 노력하고 있잖아요..! ▼,Chr6_idle,Chr6_idle,Chr7_happy,7,,,
510,3329,홍수아,노력하는 사람은 언제나 승리해요..! ▼,Chr6_idle,Chr6_idle,Chr7_happy,7,,,
511,3330,홍수아,더 센 마물이 나타나더라도..! 우리가 승리할거예요! ▼,Chr6_idle,Chr6_idle,Chr7_happy,7,,,
512,3331,한초롱,하하!! 그래!! ▼,Chr9_happy,Chr6_idle,Chr6_idle,7,,,
513,3332,한초롱,네 말이 맞아 수아야!! ▼,Chr9_happy,Chr6_idle,Chr6_idle,7,,,
514,3333,홍수아,"""파이팅, 시크릿!! 매지컬★걸즈!!!!! ▼""",Chr6_idle,Chr6_idle,Chr7_happy,7,,,
515,3334,,End ▼,Chr6_idle,Chr6_idle,Chr7_happy,7,,,1
516,5101,콩게,내 이름은 콩게. ▼,Chr6_idle,Chr1_idle,Chr6_idle,5,1,,
517,5102,콩게,올해로 29살이 되었다. ▼,Chr6_idle,Chr1_idle,Chr6_idle,5,,,
518,5103,콩게,나는 아주 어렸을 때부터 그림 그리는 것을 좋아했다. ▼,Chr6_idle,Chr1_idle,Chr6_idle,5,,,
519,5104,콩게,"""나는 5살 때부터 그림을 그리기 시작했고, ▼""",Chr6_idle,Chr1_idle,Chr6_idle,5,,,
520,5105,콩게,초등학생이 되어서 그림을 배우기 시작했다. ▼,Chr6_idle,Chr1_idle,Chr6_idle,5,,,
521,5106,콩게,중고등 학생 때에는 그림으로 진로를 정해 ▼,Chr6_idle,Chr1_idle,Chr6_idle,5,,,
522,5107,콩게,20살이 되던 해에는 A 미대에 들어갔다. ▼,Chr6_idle,Chr1_idle,Chr6_idle,5,,,
523,5108,콩게,그때까지만 해도 모든 일이 잘 될 것 같았다.. ▼,Chr6_idle,Chr1_idle,Chr6_idle,5,,,
524,5109,콩게,"""군대에 다녀오자, 나는 정말 사회로 나갈 때가 되어 있었다. ▼""",Chr6_idle,Chr1_idle,Chr6_idle,5,,,
525,5110,콩게,"""하지만 내가 사랑하고, 내게 열정을 주는 미술로 사회에 나가기는 어려웠다. ▼""",Chr6_idle,Chr1_idle,Chr6_idle,5,,,
526,5111,콩게,"""모든 사람의 화풍은 다른데, 회사에서 추구하는 화풍은 확고했다. ▼""",Chr6_idle,Chr1_idle,Chr6_idle,5,,,
527,5112,콩게,그때 깨달았다. ▼,Chr6_idle,Chr1_idle,Chr6_idle,5,,,
528,5113,콩게,더 이상 미술이 내게 열정을 줄 수 없겠구나. ▼,Chr6_idle,Chr1_idle,Chr6_idle,5,,,
529,5114,콩게,나는 앞으로 열정이 아니라 안정이 필요한 사람이 되어야 한다. ▼,Chr6_idle,Chr1_idle,Chr6_idle,5,,,
530,5115,콩게,그때부터 이력서를 작성하기 시작했다. ▼,Chr6_idle,Chr1_idle,Chr6_idle,1,,,
531,5116,콩게,하지만 평생 그림을 그려온 내가 직장인이 되는 것 역시 쉬운 일이 아니었다. ▼,Chr6_idle,Chr1_idle,Chr6_idle,1,,,
532,5117,콩게,"""별다른 스펙도, 이렇다 할 동기도 없었으니까. ▼""",Chr6_idle,Chr1_idle,Chr6_idle,1,,,
533,5118,콩게,그날도..면접에서 떨어지고 집에 가는 길이었다. ▼,Chr6_idle,Chr1_idle,Chr6_idle,1,,,
534,5119,콩게,지하철을 기다리면서..다음엔 어느 회사에 넣어야 할지 고민했다. ▼,Chr6_idle,Chr1_idle,Chr6_idle,1,,,
535,5120,콩게,AA 회사는..경력직을 뽑는 군.. ▼,Chr6_idle,Chr1_idle,Chr6_idle,1,,,
536,5121,콩게,사원을 경력직으로 뽑으면 나 같은 신입은 어떻게 취업하라는거야.. ▼,Chr6_idle,Chr1_idle,Chr6_idle,1,,,
537,5122,콩게,그럼 EE 회사는….여긴 평점이 왜 이렇게 낮아… ▼,Chr6_idle,Chr1_idle,Chr6_idle,1,,,
538,5123,콩게,그런데도 이 연봉이라고..? ▼,Chr6_idle,Chr1_idle,Chr6_idle,1,,,
539,5124,콩게,이상한 곳일 것 같지만 여기라도 넣어봐야 하나… ▼,Chr6_idle,Chr1_idle,Chr6_idle,1,,,
540,5125,콩게,GG회사는…..... 후기가..도망치라고…? ▼,Chr6_idle,Chr1_idle,Chr6_idle,1,,,
541,5126,콩게,하…....회사가 이렇게 많은데 내가 갈 회사는 왜 없는거야… ▼,Chr6_idle,Chr1_idle,Chr6_idle,1,,,
542,5127,콩게,집에 가는 동안이라도 쉬자…. ▼,Chr6_idle,Chr1_idle,Chr6_idle,1,,,
543,5128,콩게,유튜브나 좀 볼까..? ▼,Chr6_idle,Chr1_idle,Chr6_idle,1,,,
544,5129,홍수아,우리 모두 다들 열심히 노력하고 있잖아요..! ▼,Chr7_happy,Chr6_idle,Chr6_idle,1,2,,
545,5130,홍수아,노력하는 사람은 언제나 승리해요..! ▼,Chr7_happy,Chr6_idle,Chr6_idle,1,,,
546,5131,,(영상을 바라보는 콩게의 눈에서 눈물이 주르륵 흐른다. ▼,Chr6_idle,Chr1_sad,Chr6_idle,1,,,
547,5132,,… ▼,Chr6_idle,Chr6_idle,Chr6_idle,1,3,,
548,5133,콩게,그때 본 애니메이션이 내 인생을 송두리째 흔들어놨다. ▼,Chr6_idle,Chr1_idle,Chr6_idle,3,,,
549,5134,콩게,그렇게 29살이 된 지금은.. ▼,Chr6_idle,Chr1_idle,Chr6_idle,3,,,
550,5135,,(밝은 표정으로 거리를 걸어다는 콩게.) ▼,Chr6_idle,Chr1_happy,Chr6_idle,3,,,
551,5136,,(거리에 위치한 커다란 굿즈샵으로 들어간다.) ▼,Chr6_idle,Chr1_happy,Chr6_idle,3,,,
552,5137,콩게,랄까….오늘은 뭐가 새로운 친구가 있을지도… ▼,Chr6_idle,Chr1_happy,Chr6_idle,10,,,
553,5138,콩게,"""수아쨩에게는 죄송하게 생각합니다만, ▼""",Chr6_idle,Chr1_happy,Chr6_idle,10,,,
554,5139,콩게,지난 번 바다쨩의 굿즈가 엄청났다죠…(먼산) ▼,Chr6_idle,Chr1_happy,Chr6_idle,10,,,
555,5140,콩게,미안에 수아쨩... ▼,Chr6_idle,Chr1_happy,Chr6_idle,10,,,
556,5141,콩게,앗…! 저것은…! 마사카..! ▼,Chr6_idle,Chr1_happy,Chr6_idle,10,,,
557,5142,콩게,수아쨩의 하트하트 레볼루션-★ 초-카와이 피규어…!(털썩) ▼,Chr6_idle,Chr1_happy,Chr6_idle,10,,,
558,5143,콩게,무려 일년이나 기다렸다능…. ▼,Chr6_idle,Chr1_happy,Chr6_idle,10,,,
559,5144,콩게,절 대 놓칠 수 없다능….....! ▼,Chr6_idle,Chr1_happy,Chr6_idle,10,,,
560,5145,콩게,크헉..! 60만 원…! ▼,Chr6_idle,Chr1_sad,Chr6_idle,10,,,
561,5146,콩게,으음….그치만 역시 조금 비싸달까…... ▼,Chr6_idle,Chr1_sad,Chr6_idle,10,,,
562,5147,콩게,음……어쩌지 수아쨩.... ▼,Chr6_idle,Chr1_sad,Chr6_idle,10,,,
563,5148,,(콩게는 한참이나 미련이 남은 얼굴로 수아쨩을 바라보다 길을 나섰다.) ▼,Chr6_idle,Chr1_idle,Chr6_idle,3,,,
564,5149,,(SNS를 켠 콩게는 글을 작성하기 시작했다.) ▼,Chr6_idle,Chr1_idle,Chr6_idle,3,,,
565,5150,콩게,"""커미션 신청 받습니다. 원하시는 캐릭터의 구도와 표정, 배경 등을… ▼""",Chr6_idle,Chr1_idle,Chr6_idle,3,,,
566,5151,,End ▼,Chr6_idle,Chr1_idle,Chr6_idle,3,,,1
567,5201,,(옷장을 뒤지고 있는 콩게)  ▼,Chr6_idle,Chr6_idle,Chr6_idle,2,4,상황설명,
568,5202,콩게,하…이게 아니야…......이것도 아니고….  ▼,Chr4_angry,Chr6_idle,Chr6_idle,2,,,
569,5203,콩게,이런 임팩트 없는 옷을 입을 수는 없어..  ▼,Chr4_sad,Chr6_idle,Chr6_idle,2,,,
570,5204,콩게,나는 명색의 부스 담당자이니까…!  ▼,Chr4_happy,Chr6_idle,Chr6_idle,2,,,
571,5205,콩게,평범한 옷을 입고 가는 건 오히려 더 이상할거라고….  ▼,Chr4_sad,Chr6_idle,Chr6_idle,2,,,
572,5206,콩게,뭘 입어야 하지…..?  ▼,Chr4_sad,Chr6_idle,Chr6_idle,2,,,
573,5207,,(인터넷에 서브컬쳐 행사복장을 검색해 보는 콩게)  ▼,Chr6_idle,Chr6_idle,Chr6_idle,2,,상황설명,
574,5208,콩게,그래…! 이거야..!  ▼,Chr4_happy,Chr6_idle,Chr6_idle,2,2,,
575,5209,,…..  ▼,Chr6_idle,Chr6_idle,Chr6_idle,5,,,
576,5210,,(캐릭터 가운을 입고 부스 담당자로 행사에 참여한 콩게)  ▼,Chr4_happy,Chr6_idle,Chr6_idle,6,,상황설명,
577,5211,,(콩게 메이드 굿즈들을 판매하고 있다.)  ▼,Chr4_happy,Chr6_idle,Chr6_idle,6,,상황설명,
578,5212,콩게,"""폼푸야 잠시만, 나 화장실 좀 다녀올게..!  ▼""",Chr4_happy,Chr6_idle,Chr6_idle,6,,,
579,5213,,(화장실에서 돌아오는 길에 보이는 추첨 행사를 보고 멈칫하는 콩게)  ▼,Chr4_idle,Chr6_idle,Chr6_idle,6,,상황설명,
580,5214,행사 진행자,"""다음으로, 초롱이가 그려진 태피스트리의 주인공은….......1234번!!입니다!!  ▼""",Chr4_idle,Chr6_idle,Chr6_idle,6,,,
581,5215,콩게,좋겠다......  ▼,Chr4_idle,Chr6_idle,Chr6_idle,6,,,
582,5216,행사 진행자,1234번 안계신가요? 1234번 콩게님! 안계신가요..?!  ▼,Chr6_idle,Chr6_idle,Chr5_idle,6,5,,
583,5217,콩게,헉!!!! 나잖아!!!!!!!  ▼,Chr4_happy,Chr6_idle,Chr6_idle,6,,,
584,5218,,(행복한 얼굴로 달려나가 상품을 수령하는 콩게.)  ▼,Chr4_happy,Chr6_idle,Chr6_idle,6,,상황설명,
585,5219,콩게,행복하다….  ▼,Chr4_happy,Chr6_idle,Chr6_idle,6,,,
586,5220,콩게,"""내가 정말 좋아하는 걸 따라갔더니, 행복해졌어…....  ▼""",Chr4_happy,Chr6_idle,Chr6_idle,6,,,
587,5221,콩게,더 이상 취업이 되지 않는다는 이유로 슬프거나 우울하지도 않아.  ▼,Chr4_happy,Chr6_idle,Chr6_idle,6,0,,
588,5222,콩게,나는 열심히 노력하고 있으니까! 노력하는 사람은 언제나 성공하지!  ▼,Chr4_happy,Chr6_idle,Chr6_idle,6,5,,
589,5223,,(그때 콩게에게 전화가 걸려온다.)  ▼,Chr6_idle,Chr6_idle,Chr6_idle,6,,상황설명,
590,5224,콩게,여보세요?  ▼,Chr4_idle,Chr6_idle,Chr6_idle,6,,,
591,5225,인사 담당자,"""네 안녕하세요. 여기 00회사인데요, 콩게씨 맞으신가요?  ▼""",Chr6_idle,Chr6_idle,Chr5_idle,6,,,
592,5226,콩게,네 맞아요!!  ▼,Chr4_idle,Chr6_idle,Chr6_idle,6,,,
593,5227,인사 담당자,최종면접에 합격하셔서 연락드렸어요. 축하드립니다~!   ▼,Chr6_idle,Chr6_idle,Chr5_idle,6,,,
594,5228,콩게,열심히 노력하는 사람은 언제나 승리한다…...... ▼,Chr4_happy,Chr6_idle,Chr6_idle,6,,,
595,5229,콩게,정말 열심히 노력하니 취업에 성공했다…. ▼,Chr4_happy,Chr6_idle,Chr6_idle,6,,,
596,5230,콩게,하지만….취업 후 또 일에 치여 살다간 지금처럼 행복하지 않을거야… ▼,Chr4_sad,Chr6_idle,Chr6_idle,6,,,
597,5231,콩게,그렇지만……취업을 하면 안정적인 삶을 살 수 있겠지… ▼,Chr4_sad,Chr6_idle,Chr6_idle,6,,,
598,5232,콩게,어떻게 해야 할까…. ▼,Chr4_sad,Chr6_idle,Chr6_idle,6,,,
599,5233,,End ▼,Chr4_sad,Chr6_idle,Chr6_idle,6,,,1
