textID,name,talkText,next ID,action,chrL,chrR,chrM,talkBG,etc,BGM,sound,selectID,answerName,selectText1,selectText2,selectText3,answerText1,answerText2,answerText3,evelove1,evelove2,evelove3,micalove1,micalove2,micalove3,woolove1,woolove2,woolove3,next ID1,next ID2,next ID3,etc
0,어린 헤일리,언니 또 가는거야?,,,0,0,0,1,,1,,,,,,,,,,,,,,,,,,,,,,
1,헬리아,응.. 오늘 언니가 좀 바빠서 미안하게 됐어.,,,0,0,0,1,,1,,,,,,,,,,,,,,,,,,,,,,
2,어린 헤일리,그 얘기만 몇번째야!,,,0,0,0,1,,1,,,,,,,,,,,,,,,,,,,,,,
3,어린 헤일리,그냥 오늘 하루만 땡땡이 치면 안돼?,,,0,0,0,1,,1,,,,,,,,,,,,,,,,,,,,,,
4,헬리아,"미안 언니가 좀 바빠서, 대신 일 끝나면 요리사 아저씨한테 쇼트케이크 얻어올게.",,,0,0,0,1,,1,,,,,,,,,,,,,,,,,,,,,,
5,어린 헤일리,"""흥.. 맨날 먹을거로 대충 떼우려 하고,이번엔 마카롱도 얻어와야돼""",,,0,0,0,1,,1,,,,,,,,,,,,,,,,,,,,,,
6,헬리아,"""그래, 그럼 집사 아저씨 말씀 잘 들으면서, 얌전히 있어야 한다.""",,,0,0,0,1,,0,,,,,,,,,,,,,,,,,,,,,,
7,헬리아,갔다올게,,,0,0,0,1,,2,,,,,,,,,,,,,,,,,,,,,,
8,목사,그럼 돌아가신 공주님에 대한 기도 올리겠습니다.,,,0,61,0,1,,2,,,,,,,,,,,,,,,,,,,,,,
9,왕궁사람 1,둘째 공주님 안색 좀 봐.,,,61,61,0,1,,2,,,,,,,,,,,,,,,,,,,,,,
10,왕궁사람 2, 언니하고 각별한 사이였다고 들었는데 상심이 크겠지.,,,61,61,0,1,,2,,,,,,,,,,,,,,,,,,,,,,
11,왕궁사람 1,그렇게 밝고 당차던 분이셨는데 갑자기 돌아가셨으니..,,,61,61,0,1,,2,,,,,,,,,,,,,,,,,,,,,,
12,왕궁사람 2,공주님이 여러방면에서 능력도 뛰어났잖아.,,,61,61,0,1,,2,,,,,,,,,,,,,,,,,,,,,,
13,왕궁사람 2,공주님의 결혼이 취소되면서 악화된 상대국과의 외교관계가 아직도 회복이 안되고 있으니..,,,61,61,0,1,,2,,,,,,,,,,,,,,,,,,,,,,
14,왕궁사람 1,공주님의 정치적 입지가 대단하긴 했지..,,,61,61,0,1,,2,,,,,,,,,,,,,,,,,,,,,,
15,왕궁사람 2,첫째 공주님은 그렇게 능력 있었는데 둘째 공주님은 영..,,,61,61,0,1,,2,,,,,,,,,,,,,,,,,,,,,,
16,왕궁사람 1,그나저나 공주님의 죽음이 사실 다른 세력의 소행이라는 얘기가 돌고 있는데 들어봤나?,,,61,61,0,1,,3,,,,,,,,,,,,,,,,,,,,,,
17,왕궁사람 2,공주님이 자살한것으로 종결된 것 아니었어?,,,61,61,0,1,,3,,,,,,,,,,,,,,,,,,,,,,
18,헤일리,(…?),,,0,0,41,1,생각,3,,,,,,,,,,,,,,,,,,,,,,
19,헤일리,(언니의 죽음이 자살이 아니었다고?),,,0,0,41,1,생각,3,7,,,,,,,,,,,,,,,,,,,,,
20,왕궁사람 1,"그게 그날 마시고 있던 찻잔에서 독이 검출되었는데, 정치적 문제 때문에 일단 자살한 것으로 급히 끝낸거 같더군.",,,61,61,0,1,,3,,,,,,,,,,,,,,,,,,,,,,
21,왕궁사람 2,우리 왕국이 그렇게 힘이 센것도 아니라 주변국 눈치만 보게되는군.,,,61,61,0,1,,3,,,,,,,,,,,,,,,,,,,,,,
22,왕궁사람 1,"""용의자로 오른 세력만 해도, 드레드워커 가문, 용족, 마법사 가문인데 뭔가 따지는것도 이상하지.""",,,61,61,0,1,,3,,,,,,,,,,,,,,,,,,,,,,
23,왕궁사람 2,셋다 우리 왕국이랑 복잡하게 얽혀있군,,,61,61,0,1,,3,,,,,,,,,,,,,,,,,,,,,,
24,왕궁사람 1,"에휴, 왕실쪽에서 경호만 철저히 했어도..",,,61,61,0,1,,3,,,,,,,,,,,,,,,,,,,,,,
25,왕궁사람 2,"""이 얘기는 그만 얘기하세, 우리가 어떻게 할 수 있는 일이 아니야..""",,,61,61,0,1,,3,,,,,,,,,,,,,,,,,,,,,,
26,헤일리,…,,,0,0,41,1,,3,,,,,,,,,,,,,,,,,,,,,,
27,헤일리,(생각해보니 이상했어.),,,0,0,41,1,생각,3,,,,,,,,,,,,,,,,,,,,,,
28,헤일리,(자살같은걸 할 사람이 아니었는데.),,,0,0,41,1,생각,3,,,,,,,,,,,,,,,,,,,,,,
29,헤일리,(언니가 죽었다는 사실때문에 슬퍼서 아무생각도 못하고 있었어.),,,0,0,41,1,생각,3,,,,,,,,,,,,,,,,,,,,,,
30,헤일리,(언니가 죽은지 3년이 되었어도 난 제자리구나..),,,0,0,41,1,생각,3,,,,,,,,,,,,,,,,,,,,,,
31,헤일리,이렇게 아무것도 안하고 가만히 있을 수는 없어,,,0,0,41,1,,3,,,,,,,,,,,,,,,,,,,,,,
32,헤일리,(적어도 언니의 죽음에 대한 진실만은 내 손으로 밝혀내고 싶어),,,0,0,41,1,생각,3,,,,,,,,,,,,,,,,,,,,,,
33,헤일리,내가 할 수 있는거 부터 해보자,,,0,0,41,1,,3,,,,,,,,,,,,,,,,,,,,,,
34,헤일리,"(용의자는 드레드 워커 가문, 용족, 마법사)",,,0,0,41,1,생각,3,,,,,,,,,,,,,,,,,,,,,,
35,헤일리,진실을 밝히고 언니의 복수를 하는거야,,,0,0,41,1,,3,,,,,,,,,,,,,,,,,,,,,,
36,,어디에 먼저 가볼까?,,,0,0,0,1,스토리 선택지,,,,헤일리,추모식을 하던 성당 옆 공원,도서관,숲 속 호수,"""그래, 옆 공원으로 가자.""","""그래, 도서관으로 가자.""","""그래, 호수로 가자.""",0,0,0,0,0,0,0,0,0,37,218,386,0
1000,,이블린 드레드워커.,,,0,0,41,2,나레이션,3,,,,,,,,,,,,,,,,,,,,,,
1001,,현존하는 세력 중 가장 막강한 권력을 가진 황족이다.,,,0,0,41,2,나레이션,3,,,,,,,,,,,,,,,,,,,,,,
1002,,황족 사이에서도 유일한 후계자로 언급되는 그는,,,0,0,41,2,나레이션,3,,,,,,,,,,,,,,,,,,,,,,
1003,,나의 언니 헬리아의 약혼자였다.,,,0,0,41,2,나레이션,3,,,,,,,,,,,,,,,,,,,,,,
1004,,꽤 오랜 기간 대척점에 서 있던 우리 가문과 그의 가문은,,,0,0,41,2,나레이션,3,,,,,,,,,,,,,,,,,,,,,,
1005,,무역 협정을 통해 사업을 확장시키는 계획을 세웠다.,,,0,0,41,2,나레이션,3,,,,,,,,,,,,,,,,,,,,,,
1006,,그 과정에서 가문끼리의 세력을 더욱 견고하게 만들기 위해 둘의 약혼이 계획되었고….,,,0,0,41,2,나레이션,3,,,,,,,,,,,,,,,,,,,,,,
1007,,언니는….. 약혼을 앞두고….,,,0,0,43,2,나레이션,3,,,,,,,,,,,,,,,,,,,,,,
1008,,….,,,0,0,43,2,나레이션,3,,,,,,,,,,,,,,,,,,,,,,
1009,,"""가문끼리 오래 알고 지낸 만큼 오랜 기간 함께 지내 온 친구와 같은 그이지만,""",,,0,0,41,2,나레이션,3,,,,,,,,,,,,,,,,,,,,,,
1010,,사실 방금 들은 말에 흔들리는 것도 사실이다.,,,0,0,41,2,나레이션,3,,,,,,,,,,,,,,,,,,,,,,
1011,,내가 기억하는 언니의 마지막 모습은 약혼에 대한 이야기를 하기 위해 황태자를 알현하러 나선 것이 마지막 모습이다.,,,0,0,41,2,나레이션,3,,,,,,,,,,,,,,,,,,,,,,
1012,,"""어른들은 언니가 황태자를 대신해 희생했다고는 하지만, 그건 모르는 일이다.""",,,0,0,41,2,나레이션,3,,,,,,,,,,,,,,,,,,,,,,
1013,,그가... 언니를 죽인 진범일지도.,,,0,0,41,2,나레이션,3,,,,,,,,,,,,,,,,,,,,,,
1014,헤일리,(언니라면.. 언니가 있었다면…),,,0,0,43,2,생각,3,,,,,,,,,,,,,,,,,,,,,,
1015,헤일리,"아니야, 이젠 혼자 해내야만 해",,,0,0,41,2,,3,,,,,,,,,,,,,,,,,,,,,,
1016,,"(""어릴 때 부터 봐 온 황태자는 늘 다정하고 상냥하게 나를 위로해주던 친구같은 사람인데,"")",,,0,0,41,2,생각,3,,,,,,,,,,,,,,,,,,,,,,
1017,,그를 의심해도 괜찮은걸까?,,,0,0,41,2,스토리 선택지,,,,헤일리,의심한다.,의심하지 않는다.,0,그래도 친구잖아… 믿어보자.,사람 일은 또 모르는 일이지.,0,0,0,0,0,0,0,0,0,0,55,55,0,0
1018,헤일리,"""맞아, 그래도 이브는 내 친구잖아.""",,,0,0,41,2,,4,,,,,,,,,,,,,,,,,,,,,,
1019,,적어도 나만큼은 이브를 믿어줘야지.,,,0,0,41,2,,4,,,,,,,,,,,,,,,,,,,,,,
1020,,(이브가 내게 해 주었던 것 처럼.),,,0,0,41,2,생각,4,,,,,,,,,,,,,,,,,,,,,,
1021,,~헤일리의 과거 이야기~,,,0,0,0,8,나레이션,4,,,,,,,,,,,,,,,,,,,,,,
1022,,어릴 적 우리 가문은 지금처럼 세력이 확장되기 전이라 더더욱 견제당하기 쉬운 가문이었다.,,,0,0,0,8,나레이션,4,,,,,,,,,,,,,,,,,,,,,,
1023,,그런 어른들의 싸움에서 피해를 보는 건 언제나 아이들이다.,,,0,0,0,8,나레이션,4,,,,,,,,,,,,,,,,,,,,,,
1024,,가문의 명예와 힘을 키우기 위해서는 후계자인 나와 언니에게 많은 기대가 쏟아졌고,,,0,0,0,8,나레이션,4,,,,,,,,,,,,,,,,,,,,,,
1025,,"""열을 가르치면 백을 아는 천재인 언니는 어른들의 기대를 발판 삼아 앞으로 나아갔지만,""",,,0,0,0,8,나레이션,4,,,,,,,,,,,,,,,,,,,,,,
1026,,평범한 나를 바라보는 어른들의 시선이 실망으로 바뀌는 것은 시간 문제였다.,,,0,0,0,8,나레이션,4,,,,,,,,,,,,,,,,,,,,,,
1027,,아이들은 '어른들이 원하지 않는 친구'를 꺼려한다는 것은 어린 나도 알 수 있었다.,,,0,0,0,8,나레이션,4,,,,,,,,,,,,,,,,,,,,,,
1028,,"""그때, 유일하게 친구가 되자고 먼저 손을 내밀어 준 것이 이브였다.""",,,0,0,0,8,나레이션,4,,,,,,,,,,,,,,,,,,,,,,
1029,어린 이브,안녕? 여기서 혼자 뭐하고 있어?,,,0,0,0,8,,4,,,,,,,,,,,,,,,,,,,,,,
1030,어린 헤일리,어….. 너는….,,,0,0,0,8,,4,,,,,,,,,,,,,,,,,,,,,,
1031,어린 이브,나는 이블린. 이블린 드레드워커야.,,,0,0,0,8,,4,,,,,,,,,,,,,,,,,,,,,,
1032,어린 헤일리,드레드워커..?,,,0,0,0,8,,4,,,,,,,,,,,,,,,,,,,,,,
1033,어린 헤일리,(드레드워커라고 하면…. 황가의 성 아닌가?),,,0,0,0,8,생각,4,,,,,,,,,,,,,,,,,,,,,,
1034,어린 이브,너무 그렇게 보진마. 그냥 친해지고 싶어서 그래.,,,0,0,0,8,,4,,,,,,,,,,,,,,,,,,,,,,
1035,어린 이브,"""넌, 이름이 뭐야?""",,,0,0,0,8,,4,,,,,,,,,,,,,,,,,,,,,,
1036,어린 헤일리,헤일리.. 헤일리라고 해요.,,,0,0,0,8,,4,,,,,,,,,,,,,,,,,,,,,,
1037,어린 이브,헤일리? 어디선가 들어본 적 있는 것 같은 이름인데…,,,0,0,0,8,,4,,,,,,,,,,,,,,,,,,,,,,
1038,어린 이브,"""잠깐, 왜 존댓말을 쓰는거야?""",,,0,0,0,8,,4,,,,,,,,,,,,,,,,,,,,,,
1039,어린 헤일리,하지만…. 황가의 사람에겐 무례하게 굴면 안된다고 배웠는걸…,,,0,0,0,8,,4,,,,,,,,,,,,,,,,,,,,,,
1040,어린 헤일리,요…….,,,0,0,0,8,,4,,,,,,,,,,,,,,,,,,,,,,
1041,어린 이브,하하! 정말 예의바른 숙녀분이시군요.,,,0,0,0,8,,4,,,,,,,,,,,,,,,,,,,,,,
1042,어린 헤일리,지금 놀리는 거 맞죠?!,,,0,0,0,8,,4,,,,,,,,,,,,,,,,,,,,,,
1043,어린 이브,기분 나빴다면 미안해 헤일리. 내 또래 친구를 만나는 건 오랜만이라 조금 들떴던 것 같아.,,,0,0,0,8,,4,,,,,,,,,,,,,,,,,,,,,,
1044,어린 이브,늘 어른들 사이에서 재미없는 이야기만 들었어야 했거든.,,,0,0,0,8,,4,,,,,,,,,,,,,,,,,,,,,,
1045,어린 이브,"난 헤일리가 맘에 드는데, 어때 우리 친구하지 않을래?",,,0,0,0,8,,4,,,,,,,,,,,,,,,,,,,,,,
1046,어린 헤일리,저랑 노는 건 어른들도 안 좋아하고 재미도 없을거에요,,,0,0,0,8,,4,,,,,,,,,,,,,,,,,,,,,,
1047,어린 헤일리,우리 언니라면 모를까…,,,0,0,0,8,,4,,,,,,,,,,,,,,,,,,,,,,
1048,어린 이브,헤일리는 내가 싫어?,,,0,0,0,8,,4,,,,,,,,,,,,,,,,,,,,,,
1049,어린 헤일리,그건 아니에요!!,,,0,0,0,8,,4,,,,,,,,,,,,,,,,,,,,,,
1050,어린 이브,"""그럼 문제없네! 헤일리도 나를 좋아하고, 나도 헤일리를 좋아하니까.""",,,0,0,0,8,,4,,,,,,,,,,,,,,,,,,,,,,
1051,어린 이브,마음이 맞는 사람끼리 친구가 되는 건 당연한 일이잖아?,,,0,0,0,8,,4,,,,,,,,,,,,,,,,,,,,,,
1052,어린 이브,굳이 어렵게 생각하지 마. 헤일리.,,,0,0,0,8,,4,,,,,,,,,,,,,,,,,,,,,,
1053,어린 헤일리,(이게 이렇게 간단한 문제였다고?),,,0,0,0,8,생각,4,,,,,,,,,,,,,,,,,,,,,,
1054,어린 이브,아 그리고 이름도 이브라고 불러주고 말도 편하게 해줬으면 좋겠어.,,,0,0,0,8,,4,,,,,,,,,,,,,,,,,,,,,,
1055,어린 이브,친구 사이에 굳이 격식을 차릴 필요는 없잖아?,,,0,0,0,8,,4,,,,,,,,,,,,,,,,,,,,,,
1056,어린 헤일리,(뭔가 묘하게 상황을 자기 마음대로 끌고 가는 것 같지만…),,,0,0,0,8,생각,4,,,,,,,,,,,,,,,,,,,,,,
1057,어린 헤일리,(나쁜 사람은 아닌 것 같으니까),,,0,0,0,8,생각,4,,,,,,,,,,,,,,,,,,,,,,
1058,어린 헤일리,"""좋아, 앞으로 잘 부탁해! 이브.""",,,0,0,0,8,,4,,,,,,,,,,,,,,,,,,,,,,
1059,어린 이브,"""응, 나도 잘 부탁해. 헤일리.""",,,0,0,0,8,,4,,,,,,,,,,,,,,,,,,,,,,
1060,???,뭘 그렇게 멍하니 있어?,,,0,0,0,2,,0,,,,,,,,,,,,,,,,,,,,,,
1061,,갑작스럽게 들려오는 목소리에 놀라 고개를 돌린 곳엔 이브가 서 있었다.,,,44,12,0,2,나레이션,5,,,,,,,,,,,,,,,,,,,,,,
1062,헤일리,어? 이브? 언제 왔어? 인기척도 못느꼇는데.,,,41,12,0,2,,5,,,,,,,,,,,,,,,,,,,,,,
1063,이브,무슨 생각을 하고 있었길래 사람 오는 것도 못 느낀거야?,,,41,12,0,2,,5,,,,,,,,,,,,,,,,,,,,,,
1064,이브,고민이라도 있는건가? 나한테 말해줄 수 있어?,,,41,12,0,2,호감도 선택지,,,6001,이브,들어도 재미 없을텐데?,글쎄.. 말 해줄까 말까?,내 일이야 신경쓰지마.,나는 헤일리 네 이야기라면 뭐든 좋아,이렇게 보면 또 평소의 헤일리 같네.,…,+1,0,-1,0,0,0,0,0,0,101,101,101,0
1065,헤일리,그냥 오늘따라 힘이 안 들어가는 것 같아.,,,41,12,0,2,,5,,,,,,,,,,,,,,,,,,,,,,
1066,이브,....,,,41,11,0,2,,5,,,,,,,,,,,,,,,,,,,,,,
1067,,이브는 잠깐동안 생각에 잠긴 듯 보였다.,,,0,0,41,2,나레이션,5,,,,,,,,,,,,,,,,,,,,,,
1068,이브,"""아, 전에 우리가 자주 가던 찻집 기억나?""",,,41,12,0,2,,5,,,,,,,,,,,,,,,,,,,,,,
1069,이브,"""그 곳 주인이 최근에 구하기 힘든 찻잎을 준비해놨다고 언젠가 한 번 들려달라 하던데,""",,,41,12,0,2,,5,,,,,,,,,,,,,,,,,,,,,,
1070,이브,에스코트 할 테니 오늘 하루 어울려줄래?,,,41,15,0,2,호감도 선택지,,,6002,이브,못 본 사이에 매너가 늘었네?,어떻게 에스코트 해 줄건데?,조금 귀찮을 것 같은데…,그러게 자주 좀 놀아주지 그랬어.,"""글쎄, 난 헤일리를 위해 뭐든 해줄 수 있는걸.""",대놓고 귀찮다는 말은 좀 상처인데.,0,+1,-1,0,0,0,0,0,0,108,108,108,0
1071,,애써 나를 위로해 주는 이브의 모습에 괜한 의심을 품었던 것 같아 조금은 미안해졌다.,,,0,0,41,2,나레이션,5,,,,,,,,,,,,,,,,,,,,,,
1072,,이브를 따라 갈까?,,,0,0,0,2,스토리 선택지,,,,헤일리,따라가자.,거절하자.,0,거절 할 이유가 없지. 바로 가자.,"""미안, 지금은 좀 여유가 없네. 다음에 같이 가자.""",0,0,0,0,0,0,0,0,0,0,111,110,0,0
1073,,이브를 혼자 두고 급하게 자리를 피했다.,튜토리얼 선택지로,,0,0,0,2,나레이션,5,,,,,,0,,,,,,,,,,,,,,,,
1074,,~찻집 안~,,,0,0,0,5,나레이션,5,,,,,,,,,,,,,,,,,,,,,,
1075,이브,"""잠깐 자리를 비워야 할 것 같은데, 그 사이에 어떤 찻잎으로 할 지 고르고 있어줄래?""",,,41,11,0,5,,5,,,,,,,,,,,,,,,,,,,,,,
1076,헤일리,바쁜데 나 때문에 일부러 와준 건 아니지?,,,41,11,0,5,,5,,,,,,,,,,,,,,,,,,,,,,
1077,이브,음… 아니라고 할 순 없지?,,,41,12,0,5,호감도 선택지,,,6003,이브,그러게 누가 와 달라고 했어?,귀한 시간 내 주셔서 감사합니다.,내 생각 해줘서 고마워.,혹시 내가 뭐 잘못했어?,별 말씀을요.,"""감사 인사를 바라고 한 건 아닌데, 그래도 기분은 좋네.""",-1,0,+1,0,0,0,0,0,0,115,115,115,0
1078,헤일리,에스코트는 내쪽에서 해줄 걸 그랬네.,,,41,12,0,5,,5,,,,,,,,,,,,,,,,,,,,,,
1079,이브,"""하하, 그만큼 좋은 잎으로 골라주면 되는거지.""",,,41,12,0,5,,5,,,,,,,,,,,,,,,,,,,,,,
1080,이브,그럼 잠깐 다녀올게. 기다려줘 헤일리.,,,41,12,0,5,,5,,,,,,,,,,,,,,,,,,,,,,
1081,,이브가 떠나고 혼자 남아 찻잎을 고르게 되었다.,,,0,0,41,5,나레이션,5,,,,,,,,,,,,,,,,,,,,,,
1082,헤일리,흠… 이브는 어떤 걸 좋아했더라….,,,0,0,41,5,,5,,,,,,,,,,,,,,,,,,,,,,
1083,찻집 사장,오랜만에 방문해 주시는 것 같네요.,,,41,61,0,5,,5,,,,,,,,,,,,,,,,,,,,,,
1084,헤일리,"아, 오랜만이에요. 그동안 잘 지내고 계셨나요?",,,0,0,41,5,,5,,,,,,,,,,,,,,,,,,,,,,
1085,찻집 사장,물론이죠. 오늘은 어떤 차로 준비해 드릴까요?,,,41,61,0,5,,5,,,,,,,,,,,,,,,,,,,,,,
1086,헤일리,아직 결정을 못해서요. 혹시 추천해 주실 수 있나요?,,,0,0,41,5,,5,,,,,,,,,,,,,,,,,,,,,,
1087,찻집 사장,흠…..,,,41,61,0,5,,5,,,,,,,,,,,,,,,,,,,,,,
1088,찻집 사장,아! 오늘도 황태자 저하와 함께 오신거죠?,,,41,61,0,5,,5,,,,,,,,,,,,,,,,,,,,,,
1089,찻집 사장,"""한동안 황태자 저하께서 강한 향의 찻잎만 골라가셨었는데, 저하도 이제 취향이 바뀌신 것 같더군요""",,,41,61,0,5,,5,,,,,,,,,,,,,,,,,,,,,,
1090,찻집 사장,어릴 땐 강한 향을 그렇게 힘들어 하시더니.,,,41,61,0,5,,5,,,,,,,,,,,,,,,,,,,,,,
1091,찻집 사장,이제 저하도 어엿한 어른이 되신 거겠죠? 제가 다 뿌듯합니다. 하하!!,,,41,61,0,5,,5,,,,,,,,,,,,,,,,,,,,,,
1092,,어릴 때 부터 봐 와서 그런가? 찻집 사장은 진심으로 기뻐하는 것 처럼 보인다.,,,0,0,41,5,나레이션,5,,,,,,,,,,,,,,,,,,,,,,
1093,헤일리,황태자 저하라고 하면… 이브를 말씀하시는 건가요?,,,0,0,41,5,,5,,,,,,,,,,,,,,,,,,,,,,
1094,찻집 사장,"네, 맞습니다! 다른 다과들과 함께해도 맛이 가려질 정도로 강한 찻잎으로만 골라가시더군요.",,,41,61,0,5,,5,,,,,,,,,,,,,,,,,,,,,,
1095,헤일리,"""사정이 있어 약속을 외면했더니, 친구가 요즘은 뭐에 빠져있는지도 모르고 있었네요.""",,,0,0,41,5,,5,,,,,,,,,,,,,,,,,,,,,,
1096,찻집 사장,음? 아닙니다!,,,41,61,0,5,,5,,,,,,,,,,,,,,,,,,,,,,
1097,찻집 사장,그 일은 이미 4년전에 있었던 일인걸요!,,,41,61,0,5,,5,,,,,,,,,,,,,,,,,,,,,,
1098,찻집 사장,"""아무래도 저하답지 않은 행동이다 보니, 기억에 오래 남았을 뿐입니다!!""",,,41,61,0,5,,5,,,,,,,,,,,,,,,,,,,,,,
1099,,멀리서 사장을 찾는 목소리가 들린다.,,,0,0,41,5,나레이션,5,,,,,,,,,,,,,,,,,,,,,,
1100,???,@%!^#^!!,,,0,0,0,5,,5,,,,,,,,,,,,,,,,,,,,,,
1101,찻집 사장,"""이런, 제가 또 너무 떠들었군요.""",,,41,61,0,5,,5,,,,,,,,,,,,,,,,,,,,,,
1102,찻집 사장,"""혹시라도 그 사이 저하의 취향이 바뀌었을 지도 모르는 일이니, 적당히 강하면서도 무난한 차로 준비해가도록 하겠습니다.""",,,41,61,0,5,,5,,,,,,,,,,,,,,,,,,,,,,
1103,찻집 사장,그럼 조금만 기다려 주세요~,,,41,61,0,5,,5,,,,,,,,,,,,,,,,,,,,,,
1104,,찻집 사장은 웃음을 지으며 사라졌다.,,,0,0,41,5,나레이션,5,,,,,,,,,,,,,,,,,,,,,,
1105,헤일리,(4년 전...?),,,0,0,41,5,생각,6,,,,,,,,,,,,,,,,,,,,,,
1106,,4년 전 오늘은...,,,0,0,41,5,나레이션,6,,,,,,,,,,,,,,,,,,,,,,
1107,,언니와 황태자가 마지막으로 만났던 그 약속의 날이다.,,,0,0,41,5,나레이션,6,,,,,,,,,,,,,,,,,,,,,,
1108,,추모식에서 들려 오던 소문,,,0,0,41,5,나레이션,6,,,,,,,,,,,,,,,,,,,,,,
1109,,향이 강하고 다과의 맛이 가려질 정도로 맛도 강한 찻잎,,,0,0,41,5,나레이션,6,,,,,,,,,,,,,,,,,,,,,,
1110,,평소와 다른 취향의 찻잎만 찾아 간 이브,,,41,11,0,5,나레이션,6,,,,,,,,,,,,,,,,,,,,,,
1111,,과연 이 모든게 우연일까?,,,41,11,0,5,나레이션,6,,,,,,,,,,,,,,,,,,,,,,
1112,헤일리,정말…,,,0,0,41,5,,6,,,,,,,,,,,,,,,,,,,,,,
1113,헤일리,정말… 어쩌면…,,,0,0,41,5,,6,,,,,,,,,,,,,,,,,,,,,,
1114,,드르륵-,,,0,0,41,5,나레이션,0,11,,,,,,,,,,,,,,,,,,,,,
1115,이브,"미안, 모처럼의 약속인데 너무 오래 기다렸지?",,,41,12,0,5,,6,,,,,,,,,,,,,,,,,,,,,,
1116,이브,음? 헤일리 안색이 안 좋아.,,,41,14,0,5,,6,,,,,,,,,,,,,,,,,,,,,,
1117,,언니를 죽인 범인이 누군지 알 것 같아?,,,0,0,0,0,스토리 선택지,,,,헤일리,범인을 고른다,다시 생각하자 (처음으로),0,범인이 누군지…. 이제는 알 것 같아.,아직은 아니야. 다시 생각해보자.,0,0,0,0,0,0,0,0,0,0,155,36,0,
1118,,언니를 죽인 범인은 누구일까?,,,0,0,0,0,스토리 선택지,,,,,이브,미카엘,우디,진심으로 내가 네 언니인 헬리아를 죽였다고 생각하는거야?,"""도대체 어떤 오해를 하신건지, 감도 안 오는군요.""",이게 지금 무슨소리야!!,0,0,0,0,0,0,0,0,0,엔딩,엔딩,엔딩,조건문
1119,,~진엔딩~,,,0,0,0,5,나레이션,6,,,,,,,,,,,,,,,,,,,,,,
1120,이브,"""하하, 마냥 바보는 아니였구나 헤일리""",,,0,0,12,5,진엔딩 시작~1129,6,,,,,,,,,,,,,,,,,,,,,,
1121,헤일리,이브!!! 어떻게 네가 나에게…!!,,,41,12,0,5,,6,,,,,,,,,,,,,,,,,,,,,,
1122,이브,넌 항상 언니인 헬리아처럼 되고 싶다곤 했지만,,,41,11,0,5,,6,,,,,,,,,,,,,,,,,,,,,,
1123,이브,언니의 자리가 네 자리였으면 했던 적 없어?,,,41,11,0,5,,6,,,,,,,,,,,,,,,,,,,,,,
1124,이브,약혼식도 말이야? 당연히 헤일리 네가 올 줄 알았는데…,,,41,11,0,5,,6,,,,,,,,,,,,,,,,,,,,,,
1125,이브,너희 가문은 영악하게도 나를 이용해 헬리아의 입지를 다지려고 하더군.,,,41,11,0,5,,6,,,,,,,,,,,,,,,,,,,,,,
1126,이브,그래서 그런 생각을 했어.,,,41,11,0,5,,6,,,,,,,,,,,,,,,,,,,,,,
1127,이브,「헬리아만 없었더라면」,,텍스트 색상 변경: 빨강,41,16,0,5,action ID값 부여 후 수정,6,8,,,,,,,,,,,,,,,,,,,,,
1128,이브,"""자, 헤일리 이제 네가 나의 약혼녀 자리에 올라오면 돼.""",,,41,11,0,5,,6,,,,,,,,,,,,,,,,,,,,,,
1129,이브,평생 내 옆에 있어줘.,,,41,15,0,5,,0,,,,,,,,,,,,,,,,,,,,,,
1130,,~이브: 숨겨진 이야기~,,,0,0,0,5,나레이션,2,,,,,,,,,,,,,,,,,,,,,,
1131,이브,"""목적을 달성하기 위해서라면, 수단과 방법을 가리지 말라.""",,,0,0,12,5,이브엔딩 시작~1131,2,,,,,,,,,,,,,,,,,,,,,,
1132,이브,어릴 적 부터 뼈에 새길 정도로 듣고 자란 말이야.,,,0,0,12,5,,2,,,,,,,,,,,,,,,,,,,,,,
1133,이브,너희 가문이 약혼과 무역 협정을 통해 세력이 커지면 가장 먼저 누가 피해를 볼 것 같아?,,,0,0,11,5,,2,,,,,,,,,,,,,,,,,,,,,,
1134,이브,바로 너희 가문과 비슷한 세력의 가문들이야.,,,0,0,11,5,,2,,,,,,,,,,,,,,,,,,,,,,
1135,이브,헬리아와 약혼식에 관한 이야기를 나누기 위해 그녀를 황실로 초대한 것 까진 기억하지?,,,0,0,12,5,,2,,,,,,,,,,,,,,,,,,,,,,
1136,이브,"""사실 그 때, 차를 좋아하는 너와 더 많은 이야기를 나누고자 강한 향의 찻잎에 익숙해지는 연습 중이었어.""",,,0,0,15,5,,2,,,,,,,,,,,,,,,,,,,,,,
1137,이브,그리고 헬리아가 그걸 도와주기로 했고.,,,0,0,15,5,,2,,,,,,,,,,,,,,,,,,,,,,
1138,이브,하지만…,,,0,0,11,5,,2,,,,,,,,,,,,,,,,,,,,,,
1139,이브,어떤 용감한 가문의 끄나풀이 황가에도 섞여있던 모양이야.,,,0,0,16,5,,2,,,,,,,,,,,,,,,,,,,,,,
1140,이브,매수 된 하녀가 차의 강한 향과 맛에 속아 넘어갈 수 있는 독을 준비했더군.,,,0,0,16,5,,2,,,,,,,,,,,,,,,,,,,,,,
1141,이브,"아마 내가 그 차를 마시고 위급한 상태가 된다면, 그걸 이용해 너희 가문을 황실반역죄로 몰아 갈 생각이었던 모양이야.",,,0,0,16,5,,2,,,,,,,,,,,,,,,,,,,,,,
1142,이브,아쉽게도 바로 눈치챘지만.,,,0,0,11,5,,2,,,,,,,,,,,,,,,,,,,,,,
1143,이브,"""근데, 그때 그런 생각이 들었어.""",,,0,0,12,5,,2,,,,,,,,,,,,,,,,,,,,,,
1144,이브,만약 이 기회를 역으로 이용해서 견제 세력을 한 번에 정리해버린다면?,,,0,0,12,5,,2,,,,,,,,,,,,,,,,,,,,,,
1145,이브,"헤일리 너도, 나도, 헬리아도 편해질 수 있지 않을까?'",,,0,0,12,5,,2,,,,,,,,,,,,,,,,,,,,,,
1146,이브,그래서…. 헬리아와 모종의 거래를 했을 뿐이야.,,,0,0,11,5,,2,,,,,,,,,,,,,,,,,,,,,,
1147,이브,결과가 이렇게 된 건… 내 예상엔 없었고.,,,0,0,13,5,,2,,,,,,,,,,,,,,,,,,,,,,
1148,헤일리,그게 지금 무슨 소리야? 그럼 언니는 왜 죽은건데?,,,41,13,0,5,,2,,,,,,,,,,,,,,,,,,,,,,
1149,헤일리,설마… 언니가….....,,,41,13,0,5,,2,,,,,,,,,,,,,,,,,,,,,,
1150,이브,네가 지금 생각하는 게 맞아.,,,41,13,0,5,,2,,,,,,,,,,,,,,,,,,,,,,
1151,헤일리,내가 지금 무슨 생각을 할 줄 알고?,,,41,13,0,5,,2,,,,,,,,,,,,,,,,,,,,,,
1152,이브,헬리아 스스로 독이 든 차를 마셨어.,,,41,11,0,5,,2,,,,,,,,,,,,,,,,,,,,,,
1153,이브,…. 그리고 나도 굳이 그걸 말리진 않았고.,,,41,13,0,5,,2,,,,,,,,,,,,,,,,,,,,,,
1154,헤일리,말도 안돼. 그럴리 없어.,,,41,13,0,5,,2,,,,,,,,,,,,,,,,,,,,,,
1155,헤일리,언니가 왜 그런 선택을 한건데?,,텍스트 커짐,41,13,0,5,,2,,,,,,,,,,,,,,,,,,,,,,
1156,헤일리,그리고 넌! 왜 그걸 말리지 않았는데!!,,텍스트가 흔들림,41,13,0,5,,2,,,,,,,,,,,,,,,,,,,,,,
1157,이브,"""그녀가 선택한 길이자, 나에게 해가 될 선택이 아니니까.""",,텍스트 원래 사이즈로 돌아옴,41,13,0,5,,2,,,,,,,,,,,,,,,,,,,,,,
1158,이브,난 정말… 헤일리 너만 있어주면… 다른 건 어떻게 되든 상관 없었거든.,,,41,13,0,5,,2,,,,,,,,,,,,,,,,,,,,,,
1159,이브,헬리아가 사라지면 네가 유일한 후계자가 되고 그러면 애써 괴롭게 노력하지 않아도 되는 거잖아?,,,41,13,0,5,,2,,,,,,,,,,,,,,,,,,,,,,
1160,이브,나는 너의 괴로운 모습이 싫었어.,,,41,13,0,5,,2,,,,,,,,,,,,,,,,,,,,,,
1161,이브,언니에게 그렇게 의지했을 줄은… 몰랐어.,,,41,13,0,5,,2,,,,,,,,,,,,,,,,,,,,,,
1162,헤일리,….,,,41,13,0,5,,2,,,,,,,,,,,,,,,,,,,,,,
1163,이브,모든게 내 실수로 벌어진 일이야. 용서해 달라는 말은 하지 않을게.,,,41,11,0,5,,2,,,,,,,,,,,,,,,,,,,,,,
1164,이브,"대신, 이 모든걸 바꿀 마지막 거래를 하자. 헤일리.",,,41,11,0,5,,2,,,,,,,,,,,,,,,,,,,,,,
1165,이브,나를 이용해서 황실의 주인이 되어줘.,,,41,11,0,5,,2,,,,,,,,,,,,,,,,,,,,,,
1166,이브,"""헬리아에게 누명을 씌우려던 세력을 짓눌러버리고,""",,,41,11,0,5,,2,,,,,,,,,,,,,,,,,,,,,,
1167,이브,너를 무시하던 모든 것들에게 제대로 된 벌을 내려줘.,,,41,11,0,5,,2,,,,,,,,,,,,,,,,,,,,,,
1168,이브,평생… 네 옆에서 속죄하게 해줘…,,,41,11,0,5,,2,,,,,,,,,,,,,,,,,,,,,,
1169,이브,이건… 내 마지막 부탁이야.,,,41,11,0,5,,2,,,,,,,,,,,,,,,,,,,,,,
1170,이브,(헤일리는 한동안 아무 말도 없었다.),,,41,11,0,5,생각,2,,,,,,,,,,,,,,,,,,,,,,
1171,헤일리,….,,,41,11,0,5,,2,,,,,,,,,,,,,,,,,,,,,,
1172,헤일리,"""하, 지금 스스로 무슨 말을 하는 지는 알고 있는거야?""",,,41,11,0,5,,2,,,,,,,,,,,,,,,,,,,,,,
1173,헤일리,그래… 이용해 달라는 말이지….,,,41,11,0,5,,2,,,,,,,,,,,,,,,,,,,,,,
1174,헤일리,"좋아, 네 말대로 너를 마지막의 마지막까지 쓰다 버려줄게.",,,41,11,0,5,,2,,,,,,,,,,,,,,,,,,,,,,
1175,헤일리,이 더럽고 지긋 지긋한 권력 싸움… 제대로 이용해주지.,,,41,11,0,5,,2,,,,,,,,,,,,,,,,,,,,,,
1176,이브,(헤일리는 이 말을 끝으로 자리를 떠났다.),,,0,0,11,5,생각,2,,,,,,,,,,,,,,,,,,,,,,
1177,이브,(아마도 그녀는 본인이 조금만 더 강했더라면 언니를 지킬 수 있었을 것이라는 생각을 했겠지),,,0,0,11,5,생각,2,,,,,,,,,,,,,,,,,,,,,,
1178,이브,(그러니까 내 제안을 받아준 것일테고),,,0,0,11,5,생각,2,,,,,,,,,,,,,,,,,,,,,,
1179,이브,"아, 나의 가엾고 귀여운 헤일리",,,0,0,12,5,,2,,,,,,,,,,,,,,,,,,,,,,
1180,이브,"""그래, 이렇게라도 평생 내 곁에 있어줘.""",,,0,0,12,5,,0,,,,,,,,,,,,,,,,,,,,,,
2000,,마법사 가문에 대해 조사해보자.,,,0,0,41,1,나레이션,3,,,,,,,,,,,,,,,,,,,,,,
2001,,도서관에 가서 사건에 대한 정보를 찾아보는거야.,,,0,0,41,1,나레이션,3,,,,,,,,,,,,,,,,,,,,,,
2002,,"드레드 워크 가문, 용족, 마법사 가문중 제일 힘이 약한건 마법사 가문이다.",,,0,0,41,1,나레이션,3,,,,,,,,,,,,,,,,,,,,,,
2003,헤일리,어쩌면… 우리 가문과 어쩔수 없이 협력해야 했던 마법사 가문이 세력 확장을 견제하기 위해 언니를 죽인게 아닐까?,,,0,0,41,1,,3,,,,,,,,,,,,,,,,,,,,,,
2004,헤일리,일단 미카엘이 오기까지 시간이 좀 있으니까 단서라도 찾아봐야겠어.,,,0,0,41,1,,3,,,,,,,,,,,,,,,,,,,,,,
2005,,마법사 가문에 관한 책을 읽어보자.,,,0,0,41,1,나레이션,3,,,,,,,,,,,,,,,,,,,,,,
2006,헤일리,여기 이쯤에 있을텐데,,,0,0,41,3,,3,,,,,,,,,,,,,,,,,,,,,,
2007,헤일리,어? 이게 뭐지,,,0,0,41,3,,3,,,,,,,,,,,,,,,,,,,,,,
2008,,책에 찢어진 신문 조각이 끼어져 있다.,,,0,0,0,3,나레이션,3,6,,,,,,,,,,,,,,,,,,,,,
2009,,이건 우리 언니의 죽음에대한 기사?,,,0,0,44,3,나레이션,3,,,,,,,,,,,,,,,,,,,,,,
2010,헤일리,(이게 왜 이런 곳에 있지?),,,0,0,41,3,생각,3,,,,,,,,,,,,,,,,,,,,,,
2011,헤일리,(그러고보니 어제 미카엘이 마법사 가문에 관한 책을 읽고 있는걸 봤어.),,,0,0,41,3,생각,3,,,,,,,,,,,,,,,,,,,,,,
2012,,뭔가 수상한데 미카엘을 의심하는게 맞을까?,,,0,0,43,3,스토리 선택지,,,8301,헤일리,하지만 처음부터 친절했는걸.,아직은 잘 모르겠어.,0,날카롭게 대해도 친절하게 대해줬어.,좀 더 정보를 찾아보자.,0,0,0,0,0,0,0,0,0,0,231,231,0,0
2013,헤일리,"“하아, 하나도 모르겠어”",,,0,0,0,9,,4,,,,,,,,,,,,,,,,,,,,,,
2014,헤일리,(이런 어려운 걸 언니는 일주일만에 이해했다고?),,,0,0,0,9,생각,4,,,,,,,,,,,,,,,,,,,,,,
2015,헤일리,(나도 왕가의 핏줄을 이어 받았는데..),,,0,0,0,9,생각,4,,,,,,,,,,,,,,,,,,,,,,
2016,헤일리,나도 언니처럼 되고 싶은데 왜 점점 멀어지는 거야!,,,0,0,0,9,,4,,,,,,,,,,,,,,,,,,,,,,
2017,헤일리,되는 일이 하나도 없어 진짜!,,,0,0,0,9,,4,,,,,,,,,,,,,,,,,,,,,,
2018,,누군가 다가오는 소리가 들린다.,,,0,0,0,9,나레이션,4,,,,,,,,,,,,,,,,,,,,,,
2019,헤일리,"“뭐야, 나한테 무슨 용건있어?""",,,0,0,0,9,,4,,,,,,,,,,,,,,,,,,,,,,
2020,헤일리,너 내가 누군지 알기나해?,,,0,0,0,9,,4,,,,,,,,,,,,,,,,,,,,,,
2021,???,헤일리 공주님 아니십니까?,,,41,61,0,9,,4,,,,,,,,,,,,,,,,,,,,,,
2022,???,마법학 공부라면 제가 도움을드릴 수 있을거 같은데 잠시 괜찮을까요?,,,41,61,0,9,,4,,,,,,,,,,,,,,,,,,,,,,
2023,,의문의 남자가 다가와 막혔던 부분에 대해 설명해 주었다.,,,0,0,0,9,나레이션,4,,,,,,,,,,,,,,,,,,,,,,
2024,헤일리,한번에 이해됐어. 너 마법에 대해 진짜 잘 아는구나.,,,0,0,0,9,,4,,,,,,,,,,,,,,,,,,,,,,
2025,헤일리,"""너 우리 왕국 사람이 아닌거 같은데, 우리 왕국 도서관에는 무슨일이야?""",,,0,0,0,9,,4,,,,,,,,,,,,,,,,,,,,,,
2026,미카엘,소개가 늦었군요. 저는 마법사 가문의 미카엘이라고 합니다.,,,0,0,0,9,,4,,,,,,,,,,,,,,,,,,,,,,
2027,미카엘,"왕국 도서관에 있던건, 왕실 마법사가 되고 싶어서 준비중이라, 자주 왕래하고 있습니다.",,,0,0,0,9,,4,,,,,,,,,,,,,,,,,,,,,,
2028,헤일리,"왕실 마법사?, 차라리 가문에서 일하면 더 많은 명예를 얻을 수 있을꺼 같은데 왜 굳이 왕실마법사를 준비해?",,,0,0,0,9,,4,,,,,,,,,,,,,,,,,,,,,,
2029,헤일리,마법학에대해 되게 박식한거 같은데 아깝지 않아?,,,0,0,0,9,,4,,,,,,,,,,,,,,,,,,,,,,
2030,미카엘,"""전 순수하게 마법학에 대해 연구하고 싶은거지, 부나 명예는 크게 신경 쓰지 않습니다.""",,,0,0,0,9,,4,,,,,,,,,,,,,,,,,,,,,,
2031,미카엘,공주님이 마법학에 대해 진지하게 공부하는 모습을 보고 도움을 드리고 싶었습니다.,,,0,0,0,9,,4,,,,,,,,,,,,,,,,,,,,,,
2032,,뒤에서 누군가 다가오는 소리가 들린다.,,,0,0,0,3,나레이션,3,9,,,,,,,,,,,,,,,,,,,,,
2033,헤일리,뭐야. 이 시간에 누군가 올리가 없는데?,,,0,0,44,3,,3,,,,,,,,,,,,,,,,,,,,,,
2034,헤일리,(일단 신문 조각은 챙기자),,,0,0,41,3,생각,3,,,,,,,,,,,,,,,,,,,,,,
2035,,황급히 들고 있던 책을 제자리에 둔다,,,0,0,0,3,나레이션,3,,,,,,,,,,,,,,,,,,,,,,
2036,헤일리,도서관은 어쩐일이야?,,,41,21,0,3,,3,,,,,,,,,,,,,,,,,,,,,,
2037,미카엘,놓고온 책이 있어서 온거 뿐입니다.,,,41,21,0,3,,3,,,,,,,,,,,,,,,,,,,,,,
2038,미카엘,헤일리 공주님이야 말로 무슨일인가요? 아직 과외 시간이 아닌거 같은데요.,,,41,21,0,3,,3,,,,,,,,,,,,,,,,,,,,,,
2039,헤일리,나.. 난 그냥 추모식 치르고 오니 언니가 생각나서 분발해야 겠다는 생각이 든거 뿐이야.,,,44,21,0,3,,3,,,,,,,,,,,,,,,,,,,,,,
2040,미카엘,…그러고보니 오늘이 헬리아 공주님의 추모식날이었군요.,,,41,21,0,3,,7,,,,,,,,,,,,,,,,,,,,,,
2041,미카엘,추모식은 잘 치르고 오셨나요.,,,41,21,0,3,,7,,,,,,,,,,,,,,,,,,,,,,
2042,헤일리,매년 똑같이 칙칙한 분위기지.,,,41,21,0,3,,7,,,,,,,,,,,,,,,,,,,,,,
2043,헤일리,"언니에 대해 슬퍼하기 보단, 형식상 참석한 느낌만 강해.",,,41,21,0,3,,7,,,,,,,,,,,,,,,,,,,,,,
2044,헤일리,"""뒤에선 정치얘기만 오가고, 언니에 대한 애도는 하나도 없고.""",,,43,21,0,3,,7,,,,,,,,,,,,,,,,,,,,,,
2045,헤일리,다들 슬퍼하는 척 연기하기만 바쁜거 같아.,,,43,21,0,3,,7,,,,,,,,,,,,,,,,,,,,,,
2046,미카엘,그래도 헤일리 공주님은 진심으로 언니에 대해 슬퍼하고 계신 거죠.,,,43,21,0,3,,7,,,,,,,,,,,,,,,,,,,,,,
2047,헤일리,응. 나만 언니에 대해 잊지 못한거 같아.,,,43,21,0,3,,7,,,,,,,,,,,,,,,,,,,,,,
2048,헤일리,아직도 언니의 그늘에서 벗어나지 못하고 있는게 아닐까 생각이 들어,,,43,21,0,3,,7,,,,,,,,,,,,,,,,,,,,,,
2049,미카엘,너무 그렇게 조급하게 생각할 필요 없습니다.,,,41,21,0,3,,7,,,,,,,,,,,,,,,,,,,,,,
2050,미카엘,공주님은 공주님대로 노력하고 있다는거 잘 알고 있습니다.,,,41,21,0,3,,7,,,,,,,,,,,,,,,,,,,,,,
2051,헤일리,빈말이라도 고마워. 덕분에 위로가 좀 된거 같아.,,,42,21,0,3,,7,,,,,,,,,,,,,,,,,,,,,,
2052,미카엘,그럼 오늘 하루만 과외는 쉬는거 어떨까요?,,,41,21,0,3,,7,,,,,,,,,,,,,,,,,,,,,,
2053,미카엘,"추모식 치르느라 마음고생 하셨을 텐데, 잠깐 차 한잔 마시면서  쉬는시간을 가지는 것도 좋을것 같습니다.",,,41,21,0,3,,7,,,,,,,,,,,,,,,,,,,,,,
2054,미카엘,제 연구실로 안내해 드리죠.,,,41,21,0,3,,7,,,,,,,,,,,,,,,,,,,,,,
2055,헤일리,"""어떡하지, 미카엘을 따라가는게 맞을까?""",,,0,0,43,3,호감도 선택지,,,8302,미카엘,알았어.,그냥 도서실에서 공부할래.,0,그럼 따라오시죠.,그렇게 애쓰지 않으셔도 됩니다.,0,0,0,0,+1,-1,0,0,0,0,274,274,0,0
2056,,미카엘을 따라서 왕국 복도를 걸었다.,,,0,0,0,10,나레이션,5,9,,,,,,,,,,,,,,,,,,,,,
2057,미카엘,제 연구실은 오랜만이겠군요.,,,41,21,0,10,,5,,,,,,,,,,,,,,,,,,,,,,
2058,헤일리,"그러게, 처음에 왕실에서 연구실을 배정받았을 때 말고는 간적이 없네.",,,41,21,0,10,,5,,,,,,,,,,,,,,,,,,,,,,
2059,미카엘,항상 과외도 도서관에서 진행되서 크게 오실일이 없긴 했죠.,,,41,21,0,10,,5,,,,,,,,,,,,,,,,,,,,,,
2060,헤일리,"생각해보니 연구실에서 하는게 더 편했을텐데, 굳이 도서관에서 계속한 이유가 뭐야?",,,41,21,0,10,,5,,,,,,,,,,,,,,,,,,,,,,
2061,미카엘,"그건, 연구실에 위험한 물건이 많아서 초대해드리기 힘들었습니다.",,,41,21,0,10,,5,,,,,,,,,,,,,,,,,,,,,,
2062,미카엘,지금은 어느정도 정리가 되서 다음 과외 부터는 제 연구실에서 진행해도 좋을것 같습니다.,,,41,21,0,10,,5,,,,,,,,,,,,,,,,,,,,,,
2063,헤일리,"그래, 이제 주변 눈치 안보고 과외 받을 수 있겠다.",,,41,21,0,10,,5,,,,,,,,,,,,,,,,,,,,,,
2064,헤일리,왕실 마법사일은 괜찮은거 같아?,,,41,21,0,10,,5,,,,,,,,,,,,,,,,,,,,,,
2065,미카엘,"예, 이제 가문의 눈치를 안보고 공부를 할 수 있어서 한결 낫습니다.",,,41,21,0,10,,5,,,,,,,,,,,,,,,,,,,,,,
2066,헤일리,잘됐다. 가문에서 놔주질 않아서 고민이었잖아.,,,41,21,0,10,,5,,,,,,,,,,,,,,,,,,,,,,
2067,헤일리,이제 마음껏 하고 싶은 공부할 수 있겠다.,,,41,21,0,10,,5,,,,,,,,,,,,,,,,,,,,,,
2068,헤일리,마법사 가문 사람들은 뭐라 안해?,,,41,21,0,10,,5,,,,,,,,,,,,,,,,,,,,,,
2069,미카엘,"아직 가문 사람들과의 일은 정리할게 남아있지만, 좋게 마무리 될것 같습니다.",,,41,21,0,10,,5,,,,,,,,,,,,,,,,,,,,,,
2070,헤일리,생각해보니 미카엘이 왕실마법사가 된 시기도 3년전이네.,,,0,0,41,10,,5,,,,,,,,,,,,,,,,,,,,,,
2071,헤일리,(혹시 가문과 모종의 거래를 하고 미카엘이 언니를 독살한거 아닐까?),,,0,0,41,10,생각,5,,,,,,,,,,,,,,,,,,,,,,
2072,헤일리,"(이러고싶지 않은데, 자꾸 미카엘을 의심하게 돼.)",,,0,0,41,10,생각,5,,,,,,,,,,,,,,,,,,,,,,
2073,헤일리,"""하지만 미카엘이 죽였다고 해도, 수고스럽게 독살이라는 방법을 쓸리는 없얼텐데..""",,,0,0,41,10,,5,,,,,,,,,,,,,,,,,,,,,,
2074,미카엘,다 왔습니다. 아직 정리가 끝나지 않아 위험할 수도 있으니 조심해 주십시오.,,,41,21,0,10,,5,,,,,,,,,,,,,,,,,,,,,,
2075,헤일리,응. 알았어.,,,41,21,0,10,,5,,,,,,,,,,,,,,,,,,,,,,
2076,,미카엘이 연구실 문을 연다.,,,0,0,0,6,나레이션,8,,,,,,,,,,,,,,,,,,,,,,
2077,,책냄새와 물약냄새가 확풍긴다.,,,0,0,0,6,나레이션,8,,,,,,,,,,,,,,,,,,,,,,
2078,미카엘,저 방에는 위험한 마법용품들이 많으니 열지 말아주세요.,,,41,21,0,6,,8,,,,,,,,,,,,,,,,,,,,,,
2079,,문 너머에서 무언가 인기척이 느껴진다.,,,0,0,0,6,나레이션,8,,,,,,,,,,,,,,,,,,,,,,
2080,헤일리,문 너머에 뭔가 있는거 같은데 뭘까?,,,41,21,0,6,,8,,,,,,,,,,,,,,,,,,,,,,
2081,미카엘,이쪽 쇼파에 앉아 주세요.,,,41,21,0,6,,8,,,,,,,,,,,,,,,,,,,,,,
2082,헤일리,고마워,,,41,21,0,6,,8,,,,,,,,,,,,,,,,,,,,,,
2083,미카엘,아직은 방이 정리된 느낌은 아니죠?,,,41,21,0,6,,8,,,,,,,,,,,,,,,,,,,,,,
2084,헤일리,괜찮아. 도서실보다는 훨씬 편하고 좋은걸.,,,41,21,0,6,,8,,,,,,,,,,,,,,,,,,,,,,
2085,미카엘,편안하다고 느끼셔서 다행입니다.,,,41,21,0,6,,8,,,,,,,,,,,,,,,,,,,,,,
2086,미카엘,요즘 몸은 어떠싶니까?,,,41,21,0,6,,8,,,,,,,,,,,,,,,,,,,,,,
2087,미카엘,"""헬리아님이 돌아가시고, 몸이 많이 안좋아졌다고 들었는데, 괜찮으신가요?""",,,41,21,0,6,,8,,,,,,,,,,,,,,,,,,,,,,
2088,헤일리,전보단 훨씬 괜찮아 졌어.,,,41,21,0,6,,8,,,,,,,,,,,,,,,,,,,,,,
2089,헤일리,"""언니를 잃은 충격에서 벗어나지 못하고 있다 생각했는데, 시간이 많이 흐르니까 나도 잊긴 하나봐.""",,,41,21,0,6,,8,,,,,,,,,,,,,,,,,,,,,,
2090,미카엘,다행입니다.,,,41,21,0,6,,8,,,,,,,,,,,,,,,,,,,,,,
2091,헤일리,근데 최근에 언니가 죽은 이유에 대해 궁금해졌어.,,,41,21,0,6,,8,,,,,,,,,,,,,,,,,,,,,,
2092,헤일리,"""언니를 잃은 슬픔은 많이 잊은거 같지만, 요즘들어 왜 죽어야 했을까? 생각이 자꾸 들어.""",,,43,21,0,6,,8,,,,,,,,,,,,,,,,,,,,,,
2093,헤일리,"""언니의 동생으로 봤을때, 자살같은걸 할만한 인물이 아니었는데.""",,,43,21,0,6,,8,,,,,,,,,,,,,,,,,,,,,,
2094,미카엘,…,,,41,21,0,6,,8,,,,,,,,,,,,,,,,,,,,,,
2095,헤일리,"""아, 내가 또 언니얘기만 했네.""",,,41,21,0,6,,8,,,,,,,,,,,,,,,,,,,,,,
2096,헤일리,오늘 추모식이 있었어서 그런가. 평소보다 언니에 대한 생각이 더 나는거 같아.,,,41,21,0,6,,8,,,,,,,,,,,,,,,,,,,,,,
2097,미카엘,..잠시 편안하게 쉬는게 좋을 거 같군요.,,,41,21,0,6,,8,,,,,,,,,,,,,,,,,,,,,,
2098,미카엘,제가 차를 준비하는 동안 편하게 쉬고 계시겠어요?,,,41,21,0,6,,8,,,,,,,,,,,,,,,,,,,,,,
2099,헤일리,응 잠깐 쉬고 있을게.,,,41,21,0,6,,8,,,,,,,,,,,,,,,,,,,,,,
2100,,미카엘이 다과를 준비하러 부엌으로 향했다.,,,0,0,0,6,나레이션,8,,,,,,,,,,,,,,,,,,,,,,
2101,헤일리,…,,,0,0,0,6,,8,,,,,,,,,,,,,,,,,,,,,,
2102,헤일리,(미카엘은 언니를 죽인 범인이 아닌걸까?),,,0,0,41,6,생각,8,,,,,,,,,,,,,,,,,,,,,,
2103,헤일리,항상 나한테 똑같이 다정한걸.,,,0,0,43,6,,8,,,,,,,,,,,,,,,,,,,,,,
2104,헤일리,(나한테 누구의 편도 없단 생각이 드니까 갑자기 미카엘에게라도 기대고 싶어져.),,,0,0,43,6,생각,8,,,,,,,,,,,,,,,,,,,,,,
2105,헤일리,미카엘의 등에 잠깐 기댈까?,,,41,21,0,6,호감도 선택지,,,8303,미카엘,잠깐만 실례할게.,내가 지금 무슨 생각을 하는 거야.,0,..오늘은 유난히 많이 힘드신가 보군요.,차는 어떤걸로 드리는게 좋을까요?,0,0,0,0,+1,-1,0,0,0,0,234,234,0,0
2106,,방 안에서 쿵 소리가 들린다.,,,0,0,0,6,나레이션,3,3,,,,,,,,,,,,,,,,,,,,,
2107,헤일리,저 방에 대체 뭐가 있는거야.,,,41,21,0,6,,3,,,,,,,,,,,,,,,,,,,,,,
2108,미카엘,"""아무것도 아닙니다. 죄송하지만, 다과는 잠깐 기다려 주시겠어요?""",,,41,21,0,6,,3,,,,,,,,,,,,,,,,,,,,,,
2109,미카엘,아무래도 방안에 잠깐 들어가 봐야겠습니다.,,,41,21,0,6,,3,,,,,,,,,,,,,,,,,,,,,,
2110,헤일리,..알았어.,,,41,21,0,6,,3,,,,,,,,,,,,,,,,,,,,,,
2111,,미카엘이 방으로 들어갔다.,,,0,0,0,6,나레이션,3,,,,,,,,,,,,,,,,,,,,,,
2112,헤일리,저방 뭔가 수상한데.,,,0,0,41,6,,3,,,,,,,,,,,,,,,,,,,,,,
2113,헤일리,(틈을 봐서 방안을 조사해 봐야겠어.),,,0,0,41,6,생각,3,,,,,,,,,,,,,,,,,,,,,,
2114,,방안이 조용해 졌다.,,,0,0,0,6,나레이션,3,,,,,,,,,,,,,,,,,,,,,,
2115,,미카엘이 금방 밖으로 나왔다.,,,0,0,0,6,나레이션,3,,,,,,,,,,,,,,,,,,,,,,
2116,미카엘,기다리게 해서 죄송힙니다.,,,41,21,0,6,,3,,,,,,,,,,,,,,,,,,,,,,
2117,미카엘,그럼 금방 따뜻한 차를 내오겠습니다.,,,41,21,0,6,,3,,,,,,,,,,,,,,,,,,,,,,
2118,,미카엘이 다과를 준비하러 부엌로 들어갔다.,,,0,0,0,6,나레이션,3,,,,,,,,,,,,,,,,,,,,,,
2119,,부엌에서 미카엘이 다과를 준비하는 소리가 들렸다.,,,0,0,0,6,나레이션,3,,,,,,,,,,,,,,,,,,,,,,
2120,헤일리,너무 수상한데 한번 열어볼까?,,,41,21,0,6,호감도 선택지,,,8304,,잠깐 안 쪽만 보자.,미카엘을 기다리자,0,갑자기 미카엘이 와서 손을 세게 잡는다.,미카엘이 부엌에서 나와 문 쪽을 응시한다.,0,0,0,0,+1,-1,0,0,0,0,339,339,0,0
2121,,순간 문이 열리더니 검은 무언가가 튀어 나왔다.,,,0,0,0,6,나레이션,9,,,,,,,,,,,,,,,,,,,,,,
2122,헤일리,이건? 고양이?,,,44,21,0,6,,9,,,,,,,,,,,,,,,,,,,,,,
2123,미카엘,하아..,,,41,25,0,6,,9,,,,,,,,,,,,,,,,,,,,,,
2124,미카엘,사실 지인이 잠시만 맡아달라고 해서 키우고 있었습니다.,,,41,21,0,6,,9,,,,,,,,,,,,,,,,,,,,,,
2125,미카엘,키울만한 곳이 제 연구실 뿐이라 당분간 이곳에서 살게 되었습니다.,,,41,21,0,6,,9,,,,,,,,,,,,,,,,,,,,,,
2126,헤일리,"아냐, 자꾸 안에서 인기척이 나서 놀랐던거 뿐이야..",,,41,21,0,6,,9,,,,,,,,,,,,,,,,,,,,,,
2127,미카엘,죄송합니다. 먼저 말씀드려야 했는데..,,,41,21,0,6,,9,,,,,,,,,,,,,,,,,,,,,,
2128,헤일리,답답했던거 같은데 그냥 열어두자.,,,41,21,0,6,,9,,,,,,,,,,,,,,,,,,,,,,
2129,,미카엘이 고양이를 돌보고 있다.,,,0,0,0,6,나레이션,9,,,,,,,,,,,,,,,,,,,,,,
2130,헤일리,(정말 고양이 때문이었을까?),,,0,0,41,6,생각,3,,,,,,,,,,,,,,,,,,,,,,
2131,헤일리,(미카엘의 표정이 조금 안절부절 못했던거 같은데.),,,0,0,41,6,생각,3,,,,,,,,,,,,,,,,,,,,,,
2132,,방 내부에서 무언가 반짝거린다.,,,0,0,0,6,나레이션,3,,,,,,,,,,,,,,,,,,,,,,
2133,헤일리,(뭐지? 무언가 익숙한 물건을 본거 같은데.),,,0,0,41,6,생각,3,,,,,,,,,,,,,,,,,,,,,,
2134,헤일리,(방 내부를 봐야겠어.),,,0,0,41,6,생각,3,4,,,,,,,,,,,,,,,,,,,,,
2135,,고양이 물품과 마법도구로 가득하다.,,,0,0,0,6,나레이션,3,,,,,,,,,,,,,,,,,,,,,,
2136,헤일리,응?,,,0,0,44,6,,3,,,,,,,,,,,,,,,,,,,,,,
2137,헤일리,이건 유리조각?,,,0,0,41,6,,3,,,,,,,,,,,,,,,,,,,,,,
2138,헤일리,(이 문양은 언니가 자주 쓰던 찻잔이랑 똑같은데),,,0,0,41,6,생각,3,,,,,,,,,,,,,,,,,,,,,,
2139,헤일리,설마?,,,41,21,0,6,,3,,,,,,,,,,,,,,,,,,,,,,
2140,,미카엘이 노려보고 있다.,,,41,21,0,6,나레이션,3,,,,,,,,,,,,,,,,,,,,,,
2141,,범인이 누군지 알겠어.,,,0,0,0,0,스토리 선택지,,,,헤일리,범인을 고른다.,다시 생각하자(처음으로),0,범인이 누구인지 알 것 같아.,아직은 아니야. 다시 생각해보자.,0,0,0,0,0,0,0,0,0,0,155,36,0,
2142,헤일리, 그 유리 조각. 언니가 항상 쓰던 찻잔이 깨진 조각이었어.,,,46,21,0,6,미카엘엔딩 시작~2167,3,,,,,,,,,,,,,,,,,,,,,,
2143,헤일리,그게 네 연구실에서 나왔는데 어떻게 생각해.,,,46,21,0,6,,3,,,,,,,,,,,,,,,,,,,,,,
2144,미카엘,…,,,46,21,0,6,,3,,,,,,,,,,,,,,,,,,,,,,
2145,헤일리,이것 만이 아니야. 어제 네가 들고다니던 책에서 언니의 죽음에 대한 신문 조각이 나왔어.,,,46,21,0,6,,3,,,,,,,,,,,,,,,,,,,,,,
2146,헤일리,정치 문제에는 관심없다면서 그 신문 기사는 왜 들고 다닌거야.,,,46,21,0,6,,3,,,,,,,,,,,,,,,,,,,,,,
2147,미카엘,…,,,46,21,0,6,,3,,,,,,,,,,,,,,,,,,,,,,
2148,미카엘,제가 언니를 죽인 범인이라 생각하시는 건가요?,,,46,21,0,6,,3,,,,,,,,,,,,,,,,,,,,,,
2149,헤일리,그래. 우리 언니가 죽었던 시기와 너가 왕실 마법사가 된 시기가 엇비슷해.,,,46,21,0,6,,10,,,,,,,,,,,,,,,,,,,,,,
2150,헤일리,"가문에서 벗어나고 싶었던 너가, 마법사 가문과 모종의 거래를 한거라고 생각한는데.",,,46,21,0,6,,10,,,,,,,,,,,,,,,,,,,,,,
2151,미카엘,사실 따로 헬리아 공주님의 죽음에 대해 조사하고 있었습니다.,,,46,21,0,6,,10,,,,,,,,,,,,,,,,,,,,,,
2152,헤일리,"아까 말했지만, 정치문제에는 관심 없었던 너가 우리 언니의 죽음에 대해 조사하는 이유가 뭐야.",,,46,21,0,6,,10,,,,,,,,,,,,,,,,,,,,,,
2153,헤일리,"""공주님이 언니의 죽음 이후 힘들어 하는 걸 보고, 돕고 싶었습니다.""",,,46,21,0,6,,10,,,,,,,,,,,,,,,,,,,,,,
2154,헤일리,"하지만, 내가 방문을 열려 했을때, 그렇게 필사적으로 막으려 한 이유가 뭐야.",,,46,21,0,6,,10,,,,,,,,,,,,,,,,,,,,,,
2155,미카엘,공주님이 위험한 일에 휘말리게 하고 싶지 않았습니다.,,,41,21,0,6,,10,,,,,,,,,,,,,,,,,,,,,,
2156,미카엘,"범인이 확실히 누군지 모르는 상태에서 공주님이 이 사실을 알 경우, 공주님의 신변에 위험이 갈 수도 있겠다 생각했습니다.",,,41,21,0,6,,10,,,,,,,,,,,,,,,,,,,,,,
2157,헤일리,…,,,41,21,0,6,,10,,,,,,,,,,,,,,,,,,,,,,
2158,미카엘,근데 이렇게 헬리아 공주님의 죽음에 대해 적극적으로 찾으려 했다는 얘기를 듣자. 다른 생각이 들었습니다.,,,41,21,0,6,,10,,,,,,,,,,,,,,,,,,,,,,
2159,미카엘,"""공주님도 이젠 어린아이가 아닌데, 한 왕국의 공주인데, 제가 잘못생각하고 있었습니다.""",,,41,21,0,6,,10,,,,,,,,,,,,,,,,,,,,,,
2160,미카엘,"혹시 아직 의심이 풀리지 않았다면, 왕실 경비원들을 부르세요.",,,41,21,0,6,,10,,,,,,,,,,,,,,,,,,,,,,
2161,미카엘,성실히 조사에 참여하겠습니다.,,,41,21,0,6,,10,,,,,,,,,,,,,,,,,,,,,,
2162,헤일리,"아냐, 더 이상 의심하고 싶지 않아.",,,46,21,0,6,,10,,,,,,,,,,,,,,,,,,,,,,
2163,헤일리,범인이라 의심까지 했는데 여전히 친절하구나..,,,46,21,0,6,,10,,,,,,,,,,,,,,,,,,,,,,
2164,헤일리,언니의 죽음에 대해 알고있는 걸 말해줘.,,,46,21,0,6,,10,,,,,,,,,,,,,,,,,,,,,,
2165,미카엘,"아직 범인에 대해 도달 하진 못했지만, 알려드릴 수 있는 건 모두 알려드리겠습니다.",,,46,21,0,6,,10,,,,,,,,,,,,,,,,,,,,,,
2166,헤일리,고마워. 더 이상 가만히 있지 않겠어.,,,46,21,0,6,,10,,,,,,,,,,,,,,,,,,,,,,
2167,헤일리,이젠 내가 나의 사람들을 지키고 싶어.,,,46,21,0,6,,10,,,,,,,,,,,,,,,,,,,,,,
3000,헤일리,(드래곤들이 언니의 죽음과 연관되어 있을까?),,,41,0,0,4,생각,10,,,,,,,,,,,,,,,,,,,,,,
3001,헤일리,드래곤들은 자신의 이익을 위해 생태계를 파괴하고 전쟁을 일삼는 인간을 싫어하지.,,,41,0,0,4,,10,,,,,,,,,,,,,,,,,,,,,,
3002,헤일리,언니가 이브와 결혼하면 인간들의 세력이 커질까봐 견제했을 수도 있겠어..,,,41,0,0,4,,10,,,,,,,,,,,,,,,,,,,,,,
3003,헤일리,하지만 드래곤이 고작 인간 하나를 죽이기 위해서 독살이라는 귀찮은 짓을 했을리가 없어.,,,41,0,0,4,,10,,,,,,,,,,,,,,,,,,,,,,
3004,헤일리,그냥 우리 지역을 날려버리는 것이 가장 쉬운 방법일테니까.,,,41,0,0,4,,10,,,,,,,,,,,,,,,,,,,,,,
3005,헤일리,(그렇다면 드래곤들이 언니의 죽음과 연관이 있다는 소문은 어째서 생긴거지..?),,,41,0,0,4,생각,10,,,,,,,,,,,,,,,,,,,,,,
3006,헤일리,드래곤를 의심해도 될까?,,,0,0,0,4,호감도 선택지,,,6601,헤일리,아직은 잘 모르겠어.,언니를 죽일 이유가 없는 걸..,0,단서를 좀 더 찾아보자!,다시 생각해보자.,0,0,0,0,0,0,0,0,0,0,393,440,0,0
3007,헤일리,여긴..언니와 자주 왔던 호수잖아….,,,44,0,0,4,,8,,,,,,,,,,,,,,,,,,,,,,
3008,헤일리,언니가 너무 그리워….,,,43,0,0,4,,8,,,,,,,,,,,,,,,,,,,,,,
3009,헤일리,(언니를 죽인 놈을 반드시 찾아내 복수하겠어!),,,46,0,0,4,생각,8,,,,,,,,,,,,,,,,,,,,,,
3010,헤일리,(지금처럼 행동해서는 놈을 찾아낼 수 없어. 좀 더 냉철하게 행동해야 해.),,,41,0,0,4,생각,8,,,,,,,,,,,,,,,,,,,,,,
3011,헤일리,(하지만 내가 뭘 할 수 있을까..),,,43,0,0,4,생각,8,,,,,,,,,,,,,,,,,,,,,,
3012,헤일리,"(나는 언니처럼 똑똑하지도 않고, 세력이 강한 것도 아닌 걸..)",,,43,0,0,4,생각,8,,,,,,,,,,,,,,,,,,,,,,
3013,헤일리,내가 너무 한심해..흑흑..,,,43,0,0,4,,8,,,,,,,,,,,,,,,,,,,,,,
3014,우디,야!!!!!!!!!!!!!!! 야 이 팬던트 도둑아!!!!!!!!!!!!!!!!!!!!!!!!!!!!,,1,0,36,0,4,,11,,,,,,,,,,,,,,,,,,,,,,
3015,헤일리,뭐라구요?,,,44,0,0,4,,11,,,,,,,,,,,,,,,,,,,,,,
3016,우디,팬던트 도둑이라고 했다!!!!!!!!!!! 그 팬던트 내놔 이 도둑놈아!!!!,,,0,36,0,4,,11,,,,,,,,,,,,,,,,,,,,,,
3017,헤일리,내가 왜 팬던트 도둑이야!!!!!!!!! 이게 왜 갑자기 나타나서 소리를 질러!!,,,46,0,0,4,,11,,,,,,,,,,,,,,,,,,,,,,
3018,헤일리,안그래도 힘든데!!!! 넌 또 뭐야!!!!,,1,46,0,0,4,,11,,,,,,,,,,,,,,,,,,,,,,
3019,우디,너..너라니!!!!!!!!나는 위대한 드래곤이다!!!!!!!!!!!!!!!!!!!!!!!!!!!,,,0,34,0,4,,11,,,,,,,,,,,,,,,,,,,,,,
3020,우디,당장 그 팬던트를 내놓지 못해!!!,,,0,36,0,4,,11,,,,,,,,,,,,,,,,,,,,,,
3021,,우디가 드래곤인 상태로 불을 뿜으려 한다.,,,44,0,0,4,나레이션,11,5,,,,,,,,,,,,,,,,,,,,,
3022,헤일리,잠..잠깐!! 멈춰!,,,44,0,0,4,,11,,,,,,,,,,,,,,,,,,,,,,
3023,헤일리,그리고 이 팬던트는 내거야! 우리 언니가 남긴 유품이라고!!,,,44,0,0,4,,11,,,,,,,,,,,,,,,,,,,,,,
3024,우디,뭐..? 그럼 니가 헬리아의 동생이라고..?,,,0,34,0,4,,11,7,,,,,,,,,,,,,,,,,,,,,
3025,우디,…..흥 그러면 그걸 먼저 말했어야지!!,,,0,35,0,4,,11,,,,,,,,,,,,,,,,,,,,,,
3026,우디,너 때문에 괜히 오해했잖아!,,,0,35,0,4,,11,,,,,,,,,,,,,,,,,,,,,,
3027,헤일리,참나..너 같은 떼쟁이가 드래곤이란 말이야..? 하하하하하!,,,42,0,0,4,,11,,,,,,,,,,,,,,,,,,,,,,
3028,,어린 아이 같은 우디의 모습을 빤히 쳐다보자 우디가 물어왔다.,,,0,35,0,4,나레이션,11,,,,,,,,,,,,,,,,,,,,,,
3029,우디,뭐…왜 그렇게 쳐다보는거야..!,,,0,35,0,4,호감도 선택지,,,8601,우디,그냥 귀여워서 나도 모르게 봤어.,그냥 본거야.,이제 오해한 걸 사과했으면 좋겠어.,…난 귀여운 게 아니라 위대한 드래곤이다!!,흥.,…..(우디가 날 노려보다 씩씩대며 돌아섰다.),0,0,0,0,0,0,+1,0,-1,416,416,416,0
3030,우디,그래도 웃는 모습이 언니랑 닮긴했군..!,,,0,35,0,4,,11,,,,,,,,,,,,,,,,,,,,,,
3031,우디,이제 갈 곳이 있으니까 일어나!,,,0,32,0,4,,11,,,,,,,,,,,,,,,,,,,,,,
3032,우디,여기보다 훨씬 멋진 곳을 알려주지!,,,0,32,0,4,,11,,,,,,,,,,,,,,,,,,,,,,
3033,우디,빨리 따라와!,,,0,32,0,4,,11,,,,,,,,,,,,,,,,,,,,,,
3034,헤일리,앗..!,,,44,0,0,4,,11,,,,,,,,,,,,,,,,,,,,,,
3035,헤일리,(나도 모르게 따라왔지만 여기는 산 아닌가..?),,,41,0,0,7,생각,11,,,,,,,,,,,,,,,,,,,,,,
3036,헤일리,(계속 따라가도 되는걸까..?),,,41,0,0,7,생각,11,,,,,,,,,,,,,,,,,,,,,,
3037,우디,야 왜 그래!,,,0,31,0,7,,11,,,,,,,,,,,,,,,,,,,,,,
3038,우디,내가 너 이상한 곳으로 데려갈까봐 그래?!,,,0,36,0,7,,11,,,,,,,,,,,,,,,,,,,,,,
3039,우디,이상한 데 아니거든! 가보지도 않았으면서! 가보고 말해!,,,0,36,0,7,,11,,,,,,,,,,,,,,,,,,,,,,
3040,우디,빨리 따라오기나 해!,,,0,36,0,7,,11,,,,,,,,,,,,,,,,,,,,,,
3041,헤일리,믿고 따라가도 괜찮은걸까…?,,,41,0,0,7,호감도 선택지,,,8603,우디,따라간다.,믿고 따라가도 되는지 물어본다.,못 믿겠다고 말한다.,자 여기야! 어때! 멋지지!,뭐? 당연한 걸 물어보네! 마침 다 왔으니 직접 봐!,...괜히 데려왔어..,0,0,0,0,0,0,+1,0,-1,428,428,428,0
3042,헤일리,여긴…..,,,44,0,0,7,,4,2,,,,,,,,,,,,,,,,,,,,,
3043,헤일리,우리 왕국이 전부 다 보여..!,,,44,0,0,7,,4,,,,,,,,,,,,,,,,,,,,,,
3044,헤일리,정말 멋지다…!,,,42,0,0,7,,4,,,,,,,,,,,,,,,,,,,,,,
3045,우디,헤헤. 어때 따라오길 잘 했지?,,,0,32,0,7,,4,,,,,,,,,,,,,,,,,,,,,,
3046,헤일리,응….정말 고마워..,,,42,0,0,7,,4,,,,,,,,,,,,,,,,,,,,,,
3047,헤일리,덕분에 마음이 한결 가벼워진 것 같아..,,,42,0,0,7,,4,,,,,,,,,,,,,,,,,,,,,,
3048,헤일리,앞으로의 일들도 잘 헤쳐나갈 용기가 생겼어!,,,42,0,0,7,,4,,,,,,,,,,,,,,,,,,,,,,
3049,우디,..흥 ,,,0,35,0,7,,4,,,,,,,,,,,,,,,,,,,,,,
3050,우디,인간들은 별 것도 아닌데 좋아하고 슬퍼한다니까!,,,0,35,0,7,,4,,,,,,,,,,,,,,,,,,,,,,
3051,우디,뭐! 다음에도 데려와주지! 말만 해!,,,0,35,0,7,,4,,,,,,,,,,,,,,,,,,,,,,
3052,우디,너무 귀찮게 하지는 말고!,,,0,35,0,7,,4,,,,,,,,,,,,,,,,,,,,,,
3053,,좀 더 같이 있을까?,,,0,0,0,7,스토리 선택지,,,6602,헤일리,좀 더 같이 있는다.,거절한다.(처음으로),0,우디와 있으니까 마음이 편해!,긴장이 너무 풀렸어. 돌아가야겠어.,0,0,0,0,0,0,0,0,0,0,512,36,0,0
3054,헤일리,여긴..언니와 자주 왔던 호수잖아….,,,44,0,0,4,,8,,,,,,,,,,,,,,,,,,,,,,
3055,헤일리,언니가 너무 그리워….,,,43,0,0,4,,8,,,,,,,,,,,,,,,,,,,,,,
3056,헤일리,(언니를 죽인 놈을 반드시 찾아내 복수하겠어!),,,46,0,0,4,생각,8,,,,,,,,,,,,,,,,,,,,,,
3057,헤일리,(지금처럼 행동해서는 놈을 찾아낼 수 없어. 좀 더 냉철하게 행동해야 해.),,,41,0,0,4,생각,8,,,,,,,,,,,,,,,,,,,,,,
3058,헤일리,(하지만 내가 뭘 할 수 있을까..),,,43,0,0,4,생각,8,,,,,,,,,,,,,,,,,,,,,,
3059,헤일리,"(나는 언니처럼 똑똑하지도 않고, 세력이 강한 것도 아닌 걸..)",,,43,0,0,4,생각,8,,,,,,,,,,,,,,,,,,,,,,
3060,헤일리,내가 너무 한심해..흑흑..,,,43,0,0,4,,8,,,,,,,,,,,,,,,,,,,,,,
3061,우디,야!!!!!!!!!!!!!!! 야 이 팬던트 도둑아!!!!!!!!!!!!!!!!!!!!!!!!!!!!,,1,0,36,0,4,,11,,,,,,,,,,,,,,,,,,,,,,
3062,헤일리,뭐라구요?,,,44,0,0,4,,11,,,,,,,,,,,,,,,,,,,,,,
3063,우디,팬던트 도둑이라고 했다!!!!!!!!!!! 그 팬던트 내놔 이 도둑놈아!!!!,,,0,36,0,4,,11,,,,,,,,,,,,,,,,,,,,,,
3064,헤일리,내가 왜 팬던트 도둑이야!!!!!!!!! 이게 왜 갑자기 나타나서 소리를 질러!!,,,46,0,0,4,,11,,,,,,,,,,,,,,,,,,,,,,
3065,헤일리,안그래도 힘든데!!!! 넌 또 뭐야!!!!,,1,46,0,0,4,,11,,,,,,,,,,,,,,,,,,,,,,
3066,우디,너..너라니!!!!!!!!나는 위대한 드래곤이다!!!!!!!!!!!!!!!!!!!!!!!!!!!,,,0,34,0,4,,11,,,,,,,,,,,,,,,,,,,,,,
3067,우디,당장 그 팬던트를 내놓지 못해!!!,,,0,36,0,4,,11,,,,,,,,,,,,,,,,,,,,,,
3068,,우디가 드래곤인 상태로 불을 뿜으려 한다.,,,44,0,0,4,나레이션,11,5,,,,,,,,,,,,,,,,,,,,,
3069,헤일리,잠..잠깐!! 멈춰!,,,44,0,0,4,,11,,,,,,,,,,,,,,,,,,,,,,
3070,헤일리,그리고 이 팬던트는 내거야! 우리 언니가 남긴 유품이라고!!,,,44,0,0,4,,11,,,,,,,,,,,,,,,,,,,,,,
3071,우디,뭐..? 그럼 니가 헬리아의 동생이라고..?,,,0,34,0,4,,11,7,,,,,,,,,,,,,,,,,,,,,
3072,우디,…..흥 그러면 그걸 먼저 말했어야지!!,,,0,35,0,4,,11,,,,,,,,,,,,,,,,,,,,,,
3073,우디,너 때문에 괜히 오해했잖아!,,,0,35,0,4,,11,,,,,,,,,,,,,,,,,,,,,,
3074,헤일리,참나..너 같은 떼쟁이가 드래곤이란 말이야..? 하하하하하!,,,42,0,0,4,,11,,,,,,,,,,,,,,,,,,,,,,
3075,,어린 아이 같은 우디의 모습을 빤히 쳐다보자 우디가 물어왔다.,,,0,35,0,4,나레이션,11,,,,,,,,,,,,,,,,,,,,,,
3076,우디,뭐…왜 그렇게 쳐다보는거야..!,,,0,35,0,4,호감도 선택지,,,8601,우디,그냥 귀여워서 나도 모르게 봤어.,그냥 본거야.,이제 오해한 걸 사과했으면 좋겠어.,…난 귀여운 게 아니라 위대한 드래곤이다!!,흥.,…..(우디가 날 노려보다 씩씩대며 돌아섰다.),0,0,0,0,0,0,+1,0,-1,463,463,463,0
3077,우디,그래도 웃는 모습이 언니랑 닮긴했군..!,,,0,35,0,4,,11,,,,,,,,,,,,,,,,,,,,,,
3078,우디,그런데 있잖아..,,,0,31,0,4,,11,,,,,,,,,,,,,,,,,,,,,,
3079,헤일리,깜짝이야! 아직 안갔어?,,1,44,0,0,4,,11,,,,,,,,,,,,,,,,,,,,,,
3080,우디,이!! 이 무례한 녀석!! 특별히 내가 말해줄 게 있어서 왔는데!!!,,,0,35,0,4,,11,,,,,,,,,,,,,,,,,,,,,,
3081,헤일리,미안…갑자기 나오니까 놀라서 그랬어.,,,42,0,0,4,,11,,,,,,,,,,,,,,,,,,,,,,
3082,헤일리,그러고보니 아직 이름도 모르네.,,,42,0,0,4,,11,,,,,,,,,,,,,,,,,,,,,,
3083,헤일리,나는 헤일리야. 너는?,,,42,0,0,4,,11,,,,,,,,,,,,,,,,,,,,,,
3084,우디,흥 위대한 드래곤인 이몸의 이름을 쉽게 알 수 있을 것 같아?!,,,0,31,0,4,호감도 선택지,,,8602,우디,이름을 알려줘야 친구가 되지!,그냥 알려줘!,그래 그럼 안알려줘도 괜찮아.,하! 정말 끈질기네! 이 몸의 이름은 우디야.,너….왜 더 안 물어보는거야?!,…..(우디는 말이 없어졌다.),0,0,0,0,0,0,+1,0,-1,471,471,471,0
3085,헤일리,그래서 할 말이라는 게 뭔데?,,,41,0,0,4,,11,,,,,,,,,,,,,,,,,,,,,,
3086,우디,..이 위대한 드래곤 우디님이 하려던 말은..,,,0,31,0,4,,11,,,,,,,,,,,,,,,,,,,,,,
3087,헤일리,(위대한을 되게 강조하네…),,,44,0,0,4,생각,11,,,,,,,,,,,,,,,,,,,,,,
3088,우디,사실 난 헬리아와 친구였어.,,,0,33,0,4,,11,,,,,,,,,,,,,,,,,,,,,,
3089,우디,그래서 너도 알고 있었어… 헬리아가 맨날 네 이야기를 했거든.,,,0,33,0,4,,11,,,,,,,,,,,,,,,,,,,,,,
3090,우디,나는 아주 어린 인간인 줄 알았는데 생각보다 크군!,,,0,31,0,4,,11,,,,,,,,,,,,,,,,,,,,,,
3091,우디,"아무튼 헬리아가 하도 널 걱정해서 좀 보러 왔는데, 니가 호수에 들어가는 줄 알았잖아!",,,0,31,0,4,,11,,,,,,,,,,,,,,,,,,,,,,
3092,우디,진짜로 들어가려던 건 아니지?!,,,0,31,0,4,,11,,,,,,,,,,,,,,,,,,,,,,
3093,헤일리,뭐? 당연히 아니지! 그냥 언니가 생각나서 좀 슬펐던 것 뿐이야.,,,45,0,0,4,,11,,,,,,,,,,,,,,,,,,,,,,
3094,헤일리,언니는 내 유일한 버팀목이었어…,,,43,0,0,4,,11,,,,,,,,,,,,,,,,,,,,,,
3095,우디,…..헬리아는 나한테도 유일한 친구였어.,,,0,33,0,4,,11,,,,,,,,,,,,,,,,,,,,,,
3096,우디,"""내가 혼자 있을 때, 유일하게 나한테 말 걸어줬지..""",,,0,33,0,4,,11,,,,,,,,,,,,,,,,,,,,,,
3097,우디,"""호수에서 우는 널 보고 있으니까, 그때 기억이 났어..""",,,0,33,0,4,,11,,,,,,,,,,,,,,,,,,,,,,
3098,헤일리,…,,,43,0,0,4,,11,,,,,,,,,,,,,,,,,,,,,,
3099,우디,그러니까 내가 하고 싶은 말은!,,,0,35,0,4,,11,,,,,,,,,,,,,,,,,,,,,,
3100,우디,특별히 이 우디님이 너의 친구가 되어주겠다는 것이다!,,,0,35,0,4,,11,,,,,,,,,,,,,,,,,,,,,,
3101,우디,영광으로 알아!,,,0,35,0,4,,11,,,,,,,,,,,,,,,,,,,,,,
3102,헤일리,(우디..막무가내지만 착한 애구나..),,,42,0,0,4,생각,11,,,,,,,,,,,,,,,,,,,,,,
3103,우디,이제 갈 곳이 있으니까 일어나!,,,0,32,0,4,,11,,,,,,,,,,,,,,,,,,,,,,
3104,우디,여기보다 훨씬 멋진 곳을 알려주지!,,,0,32,0,4,,11,,,,,,,,,,,,,,,,,,,,,,
3105,우디,빨리 따라와!,,,0,32,0,4,,11,,,,,,,,,,,,,,,,,,,,,,
3106,헤일리,앗..!,,,44,0,0,4,,11,,,,,,,,,,,,,,,,,,,,,,
3107,헤일리,(나도 모르게 따라왔지만 여기는 산 아닌가..?),,,41,0,0,7,생각,11,,,,,,,,,,,,,,,,,,,,,,
3108,헤일리,(계속 따라가도 되는걸까..?),,,41,0,0,7,생각,11,,,,,,,,,,,,,,,,,,,,,,
3109,우디,야 왜 그래!,,,0,31,0,7,,11,,,,,,,,,,,,,,,,,,,,,,
3110,우디,내가 너 이상한 곳으로 데려갈까봐 그래?!,,,0,36,0,7,,11,,,,,,,,,,,,,,,,,,,,,,
3111,우디,이상한 데 아니거든! 가보지도 않았으면서! 가보고 말해!,,,0,36,0,7,,11,,,,,,,,,,,,,,,,,,,,,,
3112,우디,빨리 따라오기나 해!,,,0,36,0,7,,11,,,,,,,,,,,,,,,,,,,,,,
3113,헤일리,믿고 따라가도 괜찮은걸까…?,,,41,0,0,7,호감도 선택지,,,8603,우디,따라간다.,믿고 따라가도 되는지 물어본다.,못 믿겠다고 말한다.,자 여기야! 어때! 멋지지!,뭐? 당연한 걸 물어보네! 마침 다 왔으니 직접 봐!,...괜히 데려왔어..,0,0,0,0,0,0,+1,0,-1,500,500,500,0
3114,헤일리,여긴…..,,,44,0,0,7,,4,,,,,,,,,,,,,,,,,,,,,,
3115,헤일리,우리 왕국이 전부 다 보여..!,,,44,0,0,7,,4,,,,,,,,,,,,,,,,,,,,,,
3116,헤일리,정말 멋지다…!,,,42,0,0,7,,4,,,,,,,,,,,,,,,,,,,,,,
3117,우디,헤헤. 어때 따라오길 잘 했지?,,,0,32,0,7,,4,,,,,,,,,,,,,,,,,,,,,,
3118,헤일리,응….정말 고마워..,,,42,0,0,7,,4,,,,,,,,,,,,,,,,,,,,,,
3119,헤일리,덕분에 마음이 한결 가벼워진 것 같아..,,,42,0,0,7,,4,,,,,,,,,,,,,,,,,,,,,,
3120,헤일리,앞으로의 일들도 잘 헤쳐나갈 용기가 생겼어!,,,42,0,0,7,,4,,,,,,,,,,,,,,,,,,,,,,
3121,우디,..흥 ,,,0,35,0,7,,4,,,,,,,,,,,,,,,,,,,,,,
3122,우디,인간들은 별 것도 아닌데 좋아하고 슬퍼한다니까!,,,0,35,0,7,,4,,,,,,,,,,,,,,,,,,,,,,
3123,우디,뭐! 다음에도 데려와주지! 말만 해!,,,0,35,0,7,,4,,,,,,,,,,,,,,,,,,,,,,
3124,우디,너무 귀찮게 하지는 말고!,,,0,35,0,7,,4,,,,,,,,,,,,,,,,,,,,,,
3125,,좀 더 같이 있을까?,,,0,0,0,7,스토리 선택지,,10,6602,헤일리,좀 더 같이 있는다.,거절한다.(처음으로),0,우디와 있으니까 마음이 편해!,긴장이 너무 풀렸어. 돌아가야겠어.,0,0,0,0,0,0,0,0,0,0,512,36,0,0
3126,헤일리,…그래서 그때는 언니가 아니었으면 정말 위험했다니까!,,,42,0,0,11,,4,,,,,,,,,,,,,,,,,,,,,,
3127,우디,흥 인간들은 그런 것도 못하나?!,,,0,32,0,11,,4,,,,,,,,,,,,,,,,,,,,,,
3128,우디,나 어렸을 때는 말이야! 그런 건 기어다니면서도 했어!,,,0,32,0,11,,4,,,,,,,,,,,,,,,,,,,,,,
3129,헤일리,"""앗, 난 여기까지만 데려다주면 될 것 같아.""",,,42,0,0,11,,4,,,,,,,,,,,,,,,,,,,,,,
3130,헤일리,벌써 산 입구네.,,,42,0,0,11,,4,,,,,,,,,,,,,,,,,,,,,,
3131,우디,뭐!..벌써!,,,0,34,0,11,,4,,,,,,,,,,,,,,,,,,,,,,
3132,우디,흥..,,,0,33,0,11,,4,,,,,,,,,,,,,,,,,,,,,,
3133,우디,내일도!,,,0,35,0,11,,4,,,,,,,,,,,,,,,,,,,,,,
3134,우디,네 기분이 좋지 않을 것 같으니까 또 만나야겠어!,,,0,35,0,11,,4,,,,,,,,,,,,,,,,,,,,,,
3135,우디,아까 그 호수에서 내일 다시 만나!,,,0,35,0,11,,4,,,,,,,,,,,,,,,,,,,,,,
3136,헤일리,하하하 그래 알겠어.,,,42,0,0,11,,4,,,,,,,,,,,,,,,,,,,,,,
3137,헤일리,내일 만나자!,,,42,0,0,11,,4,,,,,,,,,,,,,,,,,,,,,,
3138,,우디가 산 속으로 떠났다.,,,0,0,0,11,나레이션,4,10,,,,,,,,,,,,,,,,,,,,,
3139,??,이봐.,,,41,61,0,11,,0,,,,,,,,,,,,,,,,,,,,,,
3140,헤일리,꺅 누구세요!,,1,44,0,0,11,,3,,,,,,,,,,,,,,,,,,,,,,
3141,??,드래곤들은 이기적이고 위험하지..,,,41,61,0,11,,3,,,,,,,,,,,,,,,,,,,,,,
3142,??,우디와 계속 함께 한다면 너도 언니와 같은 꼴이 될거다.,,,41,61,0,11,,3,,,,,,,,,,,,,,,,,,,,,,
3143,헤일리,그게 무슨…,,,44,0,0,11,,3,,,,,,,,,,,,,,,,,,,,,,
3144,??,우디와 가까워지지 마라.,,,41,61,0,11,,3,,,,,,,,,,,,,,,,,,,,,,
3145,,??가 사라졌다.,,,0,0,0,11,나레이션,3,,,,,,,,,,,,,,,,,,,,,,
3146,헤일리,언니와 같은 꼴이라니….,,,44,0,0,11,,3,,,,,,,,,,,,,,,,,,,,,,
3147,헤일리,(언니가 우디와 친해서 사고를 당했다는 소리일까..?),,,44,0,0,11,생각,3,,,,,,,,,,,,,,,,,,,,,,
3148,,언니를 죽인 범인이 누군지 알 것 같아?,,,0,0,0,0,스토리 선택지,10,,,헤일리,범인을 고른다,다시 생각하자 (처음으로),0,범인이 누군지…. 이제는 알 것 같아.,아직은 아니야. 다시 생각해보자.,0,0,0,0,0,0,0,0,0,0,155,36,0,
3149,우디,..뭐? 내가 헬리아를 죽게 만들었다고..?,,,0,36,0,4,우디엔딩 시작~3165,10,,,,,,,,,,,,,,,,,,,,,,
3150,우디,그게 무슨 소리야!!!,,,0,36,0,4,,10,,,,,,,,,,,,,,,,,,,,,,
3151,우디,헬리아는 내 유일한 친구였어!,,,0,36,0,4,,10,,,,,,,,,,,,,,,,,,,,,,
3152,우디,내가 아주아주 아끼는 인간이었다고!!!!,,,0,36,0,4,,10,,,,,,,,,,,,,,,,,,,,,,
3153,우디,내가 하나 뿐인 친구를 죽였을 것 같아?!,,,0,36,0,4,,10,,,,,,,,,,,,,,,,,,,,,,
3154,우디,나는 그냥 헬리아가 아끼던 헤일리 니가 잘 지내는지 보러 온거야!,,,0,36,0,4,,10,,,,,,,,,,,,,,,,,,,,,,
3155,우디,널 지켜주려고 그런거라고!,,,0,36,0,4,,10,,,,,,,,,,,,,,,,,,,,,,
3156,헤일리,뭐..?,,,44,0,0,4,,10,,,,,,,,,,,,,,,,,,,,,,
3157,헤일리,너희 드래곤들은 인간들을 싫어하잖아…,,,43,0,0,4,,10,,,,,,,,,,,,,,,,,,,,,,
3158,헤일리,그래서 너와 친한 우리 언니를 해치려 한 줄 알았어…,,,43,0,0,4,,10,,,,,,,,,,,,,,,,,,,,,,
3159,헤일리,오해해서 미안해 우디…,,,43,0,0,4,,10,,,,,,,,,,,,,,,,,,,,,,
3160,헤일리,넌 날 지켜주려고 한건데….정말 미안해..,,,43,0,0,4,,10,,,,,,,,,,,,,,,,,,,,,,
3161,우디,내가 소중한 친구 하나 지키지 못할 것 같아?!,,,0,36,0,4,,10,,,,,,,,,,,,,,,,,,,,,,
3162,우디,같은 드래곤이라도 내 친구를 해칠 수 없어!,,,0,36,0,4,,10,,,,,,,,,,,,,,,,,,,,,,
3163,우디,헤일리 너도 마찬가지야!,,,0,35,0,4,,10,,,,,,,,,,,,,,,,,,,,,,
3164,헤일리,우디…,,,45,0,0,4,,10,,,,,,,,,,,,,,,,,,,,,,
3165,헤일리,고마워..나도 너처럼 소중한 것들을 지킬 수 있게 강해질게..!,,,42,0,0,4,,"복수심, 웅장함, 슬픔",,,,,,,,,,,,,,,,,,,,,,
4000,헤일리,이런…...,,,43,0,0,4,노멀엔딩 시작~4010,,,,,,,,,,,,,,,,,,,,,,,
4001,헤일리,아무리 노력해도 언니를 죽인 범인을 찾을 수 없어….,,,43,0,0,4,,,,,,,,,,,,,,,,,,,,,,,,
4002,헤일리,주변 사람들에게도 너무 날카롭게 굴어서 다들 나를 떠나버렸어….,,,43,0,0,4,,,,,,,,,,,,,,,,,,,,,,,,
4003,헤일리,언니라면 이럴 때 어떻게 했을까…,,,43,0,0,4,,,,,,,,,,,,,,,,,,,,,,,,
4004,헤일리,언니라면…..,,,43,0,0,4,,,,,,,,,,,,,,,,,,,,,,,,
4005,헤일리,언니라면 또 다시 소중한 사람들을 잃지 않기 위해 노력했겠지!,,,41,0,0,4,,,,,,,,,,,,,,,,,,,,,,,,
4006,헤일리,그래! 나도 힘내서 내 힘으로 소중한 것들을 지키겠어.,,,41,0,0,4,,,,,,,,,,,,,,,,,,,,,,,,
4007,헤일리,그렇지만 언니를 해친 범인이 누구인지 알 수 없는 상황에서 다른 사람의 도움을 받는 건 위험해.,,,41,0,0,4,,,,,,,,,,,,,,,,,,,,,,,,
4008,헤일리,나 혼자만의 힘으로 강해져야 해..!,,,41,0,0,4,,,,,,,,,,,,,,,,,,,,,,,,
4009,,그렇게 헤일리는 후계자 수업을 받으며 유능한 후계자로 성장했다.,,,41,0,0,4,나레이션,,,,,,,,,,,,,,,,,,,,,,,
4010,,특히 헤일리는 검술에 특히 재능을 보여 누군가 감히 헤일리를 해칠 마음을 먹을 수 없게 되었다.,,,41,0,0,4,나레이션,,,,,,,,,,,,,,,,,,,,,,,